product_type,brand,model,sku,discount_percent,regular_price_sar,sale_price_sar,ai_coprocessor,ai_enabled,color,cpu_clock,cpu_model,gpu_model,os,ram,release_date,screen_refresh_rate_hz,screen_resolution,screen_size_inch,storage,touchscreen,webcam,weight_kg,product_url,audio_feature,special_features
Laptop,Microsoft,Surface,639206,17%,9699,7999,Qualcomm Hexagon NPU 45 TOPS,CoPilot+ PC,Black,3.4 GHz,Qualcomm Snapdragon,Qualcomm Adreno GPU,Windows 11 Home,32 GB RAM,2024,PixelSense Flow,2496 x 1664,"15""",1 TB SSD,Yes,1080P FHD Camera,1.60 kg ( 3.53 lb ),https://www.jarir.com/sa-en/microsoft-laptops-639206.html,,
Laptop,Lenovo,Yoga Pro 7,636692,31%,7299,4999,AMD Ryzen AI up to 50 TOPS,AI Enabled,Luna Grey,2.0 GHz,AMD Ryzen 9,Integrated AMD,Windows 11 Home,32 GB RAM,2024,2.8K OLED Display,2880 X 1800 (OLED),"14.5""",1 TB SSD,,FHD 1080p with E-shutter,1.59 kg ( 3.51 lb ),https://www.jarir.com/sa-en/lenovo-yoga-pro7-laptops-636692.html,,
Laptop,Acer,Swift,635184,33%,5699,3799,Qualcomm Hexagon NPU up to 45 TOPS,CoPilot+ PC,Silver,3.4 GHz,,Qualcomm Adreno GPU,Windows 11,16 GB RAM,2024,QHD 120 Hz Display,2560 X 1600,"14.5""",1 TB SSD,,QHD Webcam,1.20 kg ( 2.65 lb ),https://www.jarir.com/sa-en/acer-swift-sf14-11-x41l-laptops-635184.html,Built-in Mic/Speakers,
Laptop,Lenovo,Yoga Slim 7,646830,28%,5999,4299,Qualcomm Hexagon NPU up to 45 TOPS,CoPilot+ PC,Cosmic Blue,3.4 GHz,Snapdragon X Plus,Qualcomm Adreno GPU,Windows 11 Home,16 GB RAM,2024,3K OLED Multi-touch,2944 X 1840,"14.5""",1 TB PCIe NVMe M.2 SSD,Yes,FHD 1080p with E-shutter,1.28 kg ( 2.82 lb ),https://www.jarir.com/sa-en/lenovo-yoga-slim-7-laptops-646830.html,"Dolby Atmos, 2 X 2W Tweeters + 2 X 2W Woofers",
Laptop,Huawei,MateBook,638525,32%,4299,2899,Intel AI Boost,AI Enabled,Space Grey,P-core: 1.2 - 4.5 GHz/E-core: 0.7 - 3.6 GHz,Intel Core Ultra 5,Intel Arc Graphics,Windows 11 Home,16 GB RAM,2024,OLED Display,2880 X 1920,"14.2""",1 TB M.2 NVMe PCIe 4.0 SSD,Yes,FHD (2 MP) Webcam,1.31 kg ( 2.89 lb ),https://www.jarir.com/sa-en/huawei-laptops-638525.html,Built-in Mic/Speakers,Full Size Keyboard
Laptop,Huawei,MateBook X Pro,635791,28%,6999,4999,Intel AI Boost,AI Enabled,Black,P-core: 1.4 - 4.8 GHz/E-core: 0.9 - 3.8 GHz,Intel Core Ultra 7,Intel Arc Graphics,Windows 11 Home,16 GB RAM,2024,3K OLED Display,3120 X 2080,"14.2""",1 TB PCIe NVMe M.2 SSD,Yes,1080p HD Camera,980.00 g ( 2.16 lb ),https://www.jarir.com/sa-en/huawei-laptops-635791.html,"6 Speakers, 4 Microphone",
Laptop,Asus,Zenbook,639434,21%,6999,5499,Intel AI Boost up to 47 TOPS,CoPilot+ PC,Zumaia Grey,1.8 GHz,Intel Core Ultra 7,Intel Arc Graphics,Windows 11 Home,32 GB RAM,2024,3K OLED 120 Hz,2880 X 1800 (OLED),"14""",1 TB M.2 NVMe PCIe 4.0 SSD,,FHD IR Camera,1.20 kg ( 2.65 lb ),https://www.jarir.com/sa-en/asus-laptops-639434.html,"Built-in Speaker/Microphone, Smart Amp Technology, Harman/Kardon (Premium)","Copilot Key, Backlit Chiclet Keyboard"
Laptop,Lenovo,Yoga Slim 7,636632,28%,6999,4999,Qualcomm Hexagon NPU 45 TOPS,CoPilot+ PC,Cosmic Blue,3.4 GHz,Qualcomm Snapdragon,Qualcomm Adreno GPU,Windows 11 Home,32 GB RAM,2024,3K OLED Multi-touch,2944 X 1840,"14.5""",1 TB SSD,Yes,FHD IR Camera,1.29 kg ( 2.84 lb ),https://www.jarir.com/sa-en/lenovo-ygs7-14q8x9-laptops-636632.html,"Built-in Speakers, Optimized with Dolby Atmos","Ultra Slim, DisplayHDR, Low Blue Light"
Laptop,Lenovo,Yoga Pro 9,639986,15%,9999,8499,Intel AI Boost,AI Enabled,Luna Grey,P-core: 2.3 - 5.1 GHz/E-core: 1.8 - 3.8 GHz,Intel Core Ultra 9,NVIDIA GeForce RTX 4060 (8 GB),Windows 11,32 GB RAM,2024,3.2K Mini LED 165 Hz,3200 X 2000,"16""",1 TB SSD,,5 MP + IR with E-shutter,2.10 kg ( 4.63 lb ),https://www.jarir.com/sa-en/lenovo-yoga-pro-9-laptops-639986.html,6 Speakers with Smart Amp Technology,
Laptop,Huawei,MateBook,638523,27%,4999,3649,Intel AI Boost,AI Enabled,Green,P-core: 1.4 - 4.8 GHz/E-core: 0.9 - 3.8 GHz,Intel Core Ultra 7,Intel Arc Graphics,Windows 11 Home,16 GB RAM,2024,OLED Display,2880 X 1920,"14.2""",1 TB M.2 NVMe PCIe 4.0 SSD,,FHD (2 MP) Webcam,1.31 kg ( 2.89 lb ),https://www.jarir.com/sa-en/huawei-laptops-638523.html,Built-in Mic/Speakers,Full Size Keyboard
Laptop,Huawei,MateBook D,628657,37%,3499,2199,,,Mystic Silver,P-core: 2.1 - 4.6 GHz/E-core: 1.5 - 3.4 GHz,Intel Core i5,Intel UHD Graphics,Windows 11,16 GB RAM,2024,FHD-IPS Anti-glare,1920 X 1200 (WUXGA),"16""",1 TB SSD,,FHD Webcam,1.73 kg ( 3.81 lb ),https://www.jarir.com/sa-en/huawei-laptops-628657.html,2 X 2W Speakers,
Laptop,Huawei,MateBook,638524,27%,4999,3649,Intel AI Boost,AI Enabled,Space Grey,P-core: 1.4 - 4.8 GHz/E-core: 0.9 - 3.8 GHz,Intel Core Ultra 7,Intel Arc Graphics,Windows 11 Home,16 GB RAM,2024,OLED Display,2880 X 1920,"14.2""",1 TB M.2 NVMe PCIe 4.0 SSD,Yes,FHD (2 MP) Webcam,1.31 kg ( 2.89 lb ),https://www.jarir.com/sa-en/huawei-laptops-638524.html,Built-in Mic/Speakers,Full Size Keyboard
Laptop,Huawei,MateBook D,649193,40%,3299,1949,,,Mystic Silver,P-core: 2.0 - 4.4 GHz/E-core: 1.5 - 3.3 GHz,Intel Core i5,Intel UHD Graphics,Windows 11 Home,16 GB RAM,2024,FHD-LED IPS Display,1920 X 1200 (FHD+),"14""",512 GB PCIe 3.0 NVMe M.2 SSD,,HD (1 MP) Webcam,1.39 kg ( 3.06 lb ),https://www.jarir.com/sa-en/huawei-matebook-d-14-laptops-649193.html,2 X 2W Speakers,
Laptop,Huawei,MateBook D,649191,40%,3199,1899,,,Mystic Silver,P-core: 2.0 - 4.4 GHz/E-core: 1.5 - 3.3 GHz,Intel Core i5,Intel UHD Graphics,Windows 11 Home,16 GB RAM,2024,FHD-IPS Anti-glare,1920 X 1200 (FHD+),"16""",512 GB PCIe 3.0 NVMe M.2 SSD,,HD (1 MP) Webcam,1.70 kg ( 3.75 lb ),https://www.jarir.com/sa-en/huawei-matebook-d-16-laptops-649191.html,2 X 2W Speakers,
Laptop,Microsoft,Surface,639204,19%,6799,5499,Qualcomm Hexagon NPU 45 TOPS,CoPilot+ PC,Black,3.4 GHz,Qualcomm Snapdragon,Qualcomm Adreno GPU,Windows 11 Home,16 GB RAM,2024,PixelSense Flow,2496 x 1664,"15""",512 GB SSD,Yes,1080P FHD Camera,1.60 kg ( 3.53 lb ),https://www.jarir.com/sa-en/microsoft-laptops-639204.html,,
Laptop,Huawei,MateBook D,628514,26%,4999,3699,,,Mystic Silver,P-core: 2.6 - 5.4 GHz/E-core: 1.9 - 4.1 GHz,Intel Core i9,Intel Iris Xe Graphics,Windows 11 Home,16 GB RAM,2024,FHD-IPS Anti-glare,1920 X 1200 (WUXGA),"16""",1 TB SSD,,720p HD Camera,1.73 kg ( 3.81 lb ),https://www.jarir.com/sa-en/huawei-laptops-628514.html,2 X 2W Speakers,
Laptop,Microsoft,Surface,639201,20%,6299,4999,Qualcomm Hexagon NPU 45 TOPS,CoPilot+ PC,,3.4 GHz,Qualcomm Snapdragon,Qualcomm Adreno GPU,Windows 11 Home,16 GB RAM,2024,PixelSense Flow,2304 X 1536,"13.8""",512 GB SSD,Yes,1080P FHD Camera,1.20 kg ( 2.65 lb ),https://www.jarir.com/sa-en/microsoft-laptops-639201.html,,
Laptop,Microsoft,Surface,639200,20%,6299,4999,Qualcomm Hexagon NPU 45 TOPS,CoPilot+ PC,Dune,3.4 GHz,Qualcomm Snapdragon,Qualcomm Adreno GPU,Windows 11 Home,16 GB RAM,2024,PixelSense Flow,2304 X 1536,"13.8""",512 GB SSD,Yes,1080P FHD Camera,1.20 kg ( 2.65 lb ),https://www.jarir.com/sa-en/microsoft-laptops-639200.html,,
Laptop,Microsoft,Surface,639202,20%,6299,4999,Qualcomm Hexagon NPU 45 TOPS,CoPilot+ PC,Sapphire,3.4 GHz,Qualcomm Snapdragon,Qualcomm Adreno GPU,Windows 11 Home,16 GB RAM,2024,PixelSense Flow,2304 X 1536,"13.8""",512 GB SSD,Yes,1080P FHD Camera,1.20 kg ( 2.65 lb ),https://www.jarir.com/sa-en/microsoft-laptops-639202.html,,
Laptop,Asus,Zenbook DUO,648895,13%,8999,7749,Intel AI Boost up to 13 TOPS,AI Enabled,Inkwell Grey,2.9 GHz,Intel Core Ultra 9,Intel Arc Graphics,Windows 11 Home,32 GB RAM,2025,3K OLED Display,2880 X 1800 (OLED),"14""",2 TB M.2 PCIe NVMe 4.0 SSD,Yes,FHD IR Camera,1.65 kg ( 3.64 lb ),https://www.jarir.com/sa-en/asus-zenbook-duo-laptops-648895.html,"Smart Amp Technology, Built-in Speaker",
Laptop,Asus,Zenbook,648896,25%,4499,3349,Qualcomm Hexagon NPU up to 45 TOPS,CoPilot+ PC,Zabriskie BeigeÂ Â ,up to 2.97 GHz,Snapdragon X,Qualcomm Adreno GPU,Windows 11 Home,16 GB RAM,2025,WUXGA-OLED 400N,1920 X 1200 (WUXGA),"14""",1 TB M.2 NVMe PCIe 4.0 SSD,,FHD IR Camera,.99 kg ( 2.18 lb ),https://www.jarir.com/sa-en/asus-zenbook-14-laptops-648896.html,"Smart Amp Technology, Built-in Speaker",
Laptop,Apple,MacBook Air,632676,20%,6199,4949,16-core Neural Engine,Apple Intelligence,Starlight,,M3,10-core GPU,macOS Sonoma,8 GB RAM,2024,Liquid Retina Display,2880 X 1864,"15.3""",512 GB SSD,,1080p FaceTime HD Camera,1.51 kg ( 3.33 lb ),https://www.jarir.com/sa-en/apple-macbook-air-15-m3-laptops-632676.html,Built-in Mic/Speakers,
Laptop,Lenovo,Yoga Pro 7,653541,19%,6199,4999,Intel AI Boost up to 13 TOPS,AI Enabled,Luna Grey,P-core: 2.0 - 5.1 GHz/E-core: 1.5 - 4.4 GHz,Intel Core Ultra 7,Intel Arc 140T,Windows 11 Home,32 GB RAM,2025,3K OLED 120 Hz,3000 X 1872,"14.5""",1 TB SSD,Yes,5 MP + IR with E-shutter,1.40 kg ( 3.09 lb ),https://www.jarir.com/sa-en/lenovo-yoga-pro-7-laptops-653541.html,"Dolby Atmos, 4 X 2W Speakers",
Laptop,Lenovo,IdeaPad Slim 5,646812,28%,4199,2999,Qualcomm Hexagon NPU up to 45 TOPS,CoPilot+ PC,Cloud Grey,3.4 GHz,Snapdragon X Plus,Qualcomm Adreno GPU,Windows 11 Home,16 GB RAM,2024,WUXGA-OLED 400N,1920 X 1200,"14""",1 TB PCIe NVMe M.2 SSD,,FHD 1080p with Privacy Shutter,1.48 kg ( 3.26 lb ),https://www.jarir.com/sa-en/lenovo-ideapad-slim-5-laptops-646812.html,"Dolby Audio, Stereo Speakers (2 X 2W)",
Laptop,HP,Pavilion Plus,634888,25%,4299,3199,Intel AI Boost,AI Enabled,Moonlight Blue,P-core: 1.2 - 4.5 GHz/E-core: 0.7 - 3.6 GHz,Intel Core Ultra 5,Intel Arc Graphics,Windows 11 Home,16 GB RAM,2024,2.8K OLED Display,2880 X 1800 (OLED),"14""",512 GB PCIe Gen 4 NVMe M.2 SSD,,Wide Vision 5 MP IR Camera,1.44 kg ( 3.17 lb ),https://www.jarir.com/sa-en/hp-pavilion-plus-laptops-634888.html,"DTS:X Ultra, Dual Speakers, HP Audio Boost","Backlit Keyboard, IMAX Enhanced, Low Blue Light, Poly Studio, Micro-edge"
Laptop,HP,Pavilion Plus,634893,25%,4299,3199,Intel AI Boost,AI Enabled,Natural Silver,P-core: 1.2 - 4.5 GHz/E-core: 0.7 - 3.6 GHz,Intel Core Ultra 5,Intel Arc Graphics,Windows 11 Home,16 GB RAM,2024,2.8K OLED Display,2880 X 1800 (OLED),"14""",512 GB PCIe Gen 4 NVMe M.2 SSD,,Wide Vision 5 MP IR Camera,1.44 kg ( 3.17 lb ),https://www.jarir.com/sa-en/hp-pavilion-plus-laptops-634893.html,"DTS:X Ultra, Dual Speakers, HP Audio Boost","Backlit Keyboard, IMAX Enhanced, Low Blue Light, Poly Studio, Micro-edge"
Laptop,Asus,Zenbook,630284,20%,5499,4399,Intel AI Boost,AI Enabled,Ponder Blue,2.3 GHz,Intel Core Ultra 9,Intel Arc Graphics,Windows 11 Home,16 GB RAM,2024,3K OLED 120 Hz,2880 X 1800 (OLED),"14""",1 TB M.2 NVMe PCIe 4.0 SSD,,FHD IR Camera with Privacy Shutter,.91 kg ( 2.01 lb ),https://www.jarir.com/sa-en/asus-laptops-630284.html,"Harman Kardon(Premium)/Smart Amp Technology, Built-in Speaker and Microphone","Backlit Chiclet Keyboard,0.2ms Response Time"
Laptop,Lenovo,Yoga Slim 7i,644710,16%,6499,5399,Intel AI Boost up to 40 TOPS,CoPilot+ PC,Luna Grey,P-core: 2.2 - 4.8 GHz/E-core: 2.2 - 3.7 GHz,Intel Core Ultra 7,Intel Arc 140V,Windows 11 Home,32 GB RAM,2024,2.8K IPS Display,2880 X 1800,"15.3""",1 TB PCIe NVMe M.2 SSD,Yes,1080p HD Camera + IR with E-shutter + TOF,1.53 kg ( 3.37 lb ),https://www.jarir.com/sa-en/lenovo-yoga-slim-7-laptops-644710.html,"Dolby Atmos, 2 X 2W Tweeters + 2 X 2W Woofers",
Laptop,Asus,Vivobook S,648873,22%,4999,3899,AMD XDNA up to 50 TOPS,CoPilot+ PC,Cool Silver,2.0 GHz,AMD Ryzen AI,AMD Radeon Graphics,Windows 11 Home,32 GB RAM,2024,WUXGA-OLED 400N,1920 X 1200 (WUXGA),"14""",1 TB M.2 NVMe PCIe 4.0 SSD,,FHD 1080p + IR with Privacy Shutter,1.30 kg ( 2.87 lb ),https://www.jarir.com/sa-en/asus-vivobook-s-14-oled-laptops-648873.html,"Smart Amp Technology, Built-in Speaker",
Laptop,Asus,Vivobook S,634612,20%,5499,4399,Qualcomm Hexagon NPU 45 TOPS,CoPilot+ PC,Cool Silver,3.4 GHz,Snapdragon X Elite,Qualcomm Adreno GPU,Windows 11 Home,32 GB RAM,2024,3K OLED 120 Hz,2880 X 1620 (WQHD),"15.6""",1 TB M.2 NVMe PCIe 4.0 SSD,,FHD IR Camera with Privacy Shutter,1.50 kg ( 3.31 lb ),https://www.jarir.com/sa-en/asus-laptops-634612.html,"Built-in Speaker, Harman/Kardon","Backlit Chiclet Keyboard 1-Zone RGB with Num-key, Copilot Key"
Laptop,Asus,Zenbook DUO,649077,15%,6999,5899,Intel AI Boost up to 13 TOPS,AI Enabled,Inkwell Grey,2.0 GHz,Intel Core Ultra 7,Intel Arc Graphics,Windows 11 Home,32 GB RAM,2025,3K OLED Touch Display,2880 X 1800 (OLED),"14""",1 TB PCIe 4.0 NVMe M.2 SSD,Yes,FHD IR Camera,1.65 kg ( 3.64 lb ),https://www.jarir.com/sa-en/asus-zenbook-duo-laptops-649077.html,"Smart Amp Technology, Built-in Speaker",
Laptop,Asus,Vivobook Pro 15,648714,15%,6999,5899,Intel AI Boost up to 13 TOPS,AI Enabled,Cool Silver,2.9 GHz,Intel Core Ultra 9,NVIDIA GeForce RTX 4050 (6 GB with up to 194 AI TOPS),Windows 11 Home,24 GB RAM,2025,3K OLED 120 Hz,2880 X 1620 (OLED),"15.6""",1 TB M.2 NVMe PCIe 4.0 SSD,,5 MP with Privacy Shutter,1.80 kg ( 3.97 lb ),https://www.jarir.com/sa-en/asus-vivobook-s-15-oled-laptops-648714.html,"Built-in Speaker, Harman/Kardon","Backlit Chiclet Keyboard 1-Zone RGB with Num-key, Copilot Key"
Laptop,Asus,Vivobook,649072,36%,2899,1849,Qualcomm Hexagon NPU up to 45 TOPS,CoPilot+ PC,Quiet Blue,up to 2.97 GHz,,Qualcomm Adreno GPU,Windows 11 Home,16 GB RAM,2025,WUXGA IPS Anti-glare 300N Display,1920 X 1200 (WUXGA),"14""",512 GB PCIe Gen 4 NVMe M.2 SSD,,FHD 1080p + IR with Privacy Shutter,1.49 kg ( 3.28 lb ),https://www.jarir.com/sa-en/asus-vivobook-14-laptops-649072.html,"SonicMaster Audio, Built-in Speaker",
Laptop,Asus,Vivobook,641089,24%,4299,3249,,,Indie Black,2.3 GHz,Intel Core i7,NVIDIA GeForce RTX 3050 (4 GB),Windows 11 Home,16 GB RAM,2024,WUXGA-LED IPS,1920 X 1200,"16""",1 TB M.2 NVMe PCIe 3.0 SSD,,720p HD Camera with Privacy Shutter,1.80 kg ( 3.97 lb ),https://www.jarir.com/sa-en/asus-laptops-641089.html,Built-in Mic/Speaker/SonicMaster,Chiclet Keyboard with Num-key
Laptop,Lenovo,Yoga Pro 7 Aura Edition,651496,16%,6499,5399,Intel AI Boost up to 13 TOPS,AI Enabled,Luna Grey,P-core: 3.1 - 5.1 GHz/E-core: 2.6 - 4.5 GHz,Intel Core Ultra 9,Intel Arc Graphics,Windows 11,32 GB RAM,2025,3K OLED 120 Hz,3000 X 1872,"14.5""",1 TB SSD,Yes,5 MP + IR with E-shutter,1.40 kg ( 3.09 lb ),https://www.jarir.com/sa-en/lenovo-yoga-pro7-laptops-651496.html,"4 X 2W Speakers, Dolby Atmos Audio",
Laptop,Lenovo,IdeaPad 3,643731,33%,3099,2049,,,Arctic Grey,P-core: 1.7 - 4.7 GHz/E-core: 1.2 - 3.5 GHz,Intel Core i7,Intel Iris Xe Graphics,Windows 11,16 GB RAM,2024,FHD TN AG 250N,1920 X 1080 (FHD),"15.6""",512 GB NVMe M.2 SSD,,720p HD Camera with Privacy Shutter,1.63 kg ( 3.59 lb ),https://www.jarir.com/sa-en/lenovo-ideapad-3-laptops-643731.html,"Dolby Audio, Stereo Speakers (2 X 1.5 W)",
Laptop,Asus,ProArt,659572,6%,14499,13499,AMD XDNA up to 50 TOPS,CoPilot+ PC,Nano Black,2.0 GHz,AMD Ryzen AI,NVIDIA GeForce RTX 5070Â (8 GB),Windows 11 Home,64 GB RAM,2025,4K OLED Display,3840 X 2400,"16""",2 TB + 2 TB PCIe 4.0 NVMe SSD,Yes,FHD IR Camera,1.85 kg ( 4.08 lb ),https://www.jarir.com/sa-en/asus-proart-laptops-659572.html,"Built-in Speaker/Microphone, Smart Amp Technology","Backlit Chiclet Keyboard, Seamless Touchpad"
Laptop,HP,Notebook,618668,26%,3799,2799,,,Natural Silver,P-core: 1.7 - 5.0 GHz/E-core: 1.2 - 3.7 GHz,Intel Core i7,Intel Iris Xe Graphics,Windows 11,16 GB RAM,2023,FHD IPS AG 250N,1920 X 1080 (FHD),"15.6""",512 GB NVMe M.2 SSD,,True Vision FHD Webcam,1.50 kg ( 3.31 lb ),https://www.jarir.com/sa-en/hp-laptops-618668.html,Built-in Speakers/Mic,
Laptop,HP,Notebook,654644,27%,3599,2599,,,Natural Silver,,Intel Core i7,Intel Iris Xe Graphics,Windows 11 Home,16 GB RAM,2023,FHD AG 250N SVA Display,1920 X 1080 (FHD),"15.6""",512 GB SSD,,,1.59 kg ( 3.51 lb ),https://www.jarir.com/sa-en/hp-laptops-654644.html,,
Laptop,Asus,Vivobook,644516,20%,4999,3999,Intel AI Boost up to 47 TOPS,CoPilot+ PC,Neutral Black,1.8 GHz,Intel Core Ultra 7,Intel Arc Graphics,Windows 11 Home,32 GB RAM,2024,WUXGA Anti-glare Display,1920 X 1200 (WUXGA),"14""",1 TB M.2 NVMe PCIe 4.0 SSD,,FHD IR Camera with Privacy Shutter,1.30 kg ( 2.87 lb ),https://www.jarir.com/sa-en/asus-vivobook-laptops-644516.html,"Built-in Speaker/Microphone, Smart Amp Technology",Backlit Chiclet Keyboard
Laptop,Acer,Aspire Lite,644116,25%,3899,2899,Intel AI Boost,AI Enabled,Silver,1.4 - 4.8 GHz,Intel Core Ultra 7,Intel Iris Xe Graphics,Windows 11,16 GB RAM,2024,FHD-LED IPS Display,1920 X 1200,"16""",1 TB SSD,,FHD Webcam,1.70 kg ( 3.75 lb ),https://www.jarir.com/sa-en/acer-aspire-lite-6-laptops-644116.html,Built-in Mic/Speakers,
Laptop,Asus,Zenbook,642879,21%,4599,3599,AMD XDNA up to 16 TOPS,AI Enabled,Jade Black,2.0 GHz,AMD Ryzen 7,AMD Radeon Graphics,Windows 11,16 GB RAM,2024,WUXGA-OLED 400N,1920 X 1200 (WUXGA),"14""",1 TB M.2 NVMe PCIe 4.0 SSD,,1080P FHD Camera,1.20 kg ( 2.65 lb ),https://www.jarir.com/sa-en/asus-laptops-642879.html,Harman Kardon,Backlit Chiclet Keyboard
Laptop,Lenovo,IdeaPad Pro 5,631066,17%,5699,4699,Intel AI Boost,AI Enabled,Arctic Grey,4.8 GHz,Intel Core Ultra 7,NVIDIA GeForce RTX 3050 (6 GB),Windows 11 Home,16 GB RAM,2024,2K OLED 400N Display,2048 X 1280,"16""",512 GB NVMe M.2 SSD,,FHD 1080p + IR with Privacy Shutter,1.94 kg ( 4.28 lb ),https://www.jarir.com/sa-en/lenovo-ideapad-pro-5-laptops-631066.html,"Dolby Atmos Sound System, (2 X 2W) Speakers","High Definition Audio, Realtek ALC3287 Codec, Low Blue Light"
Laptop,Honor,MagicBook Pro 14,657780,,3999,,Intel AI Boost,AI Enabled,Starry Grey,P-core: 1.7 - 4.9 GHz/E-core: 1.3 - 4.3 GHz,Intel Core Ultra 5,Intel Arc 130T,Windows 11 Home,32 GB RAM,2025,OLED Display,3120 X 2080,"14.6""",1 TB,Yes,1080P FHD Camera,1.37 kg ( 3.02 lb ),https://www.jarir.com/sa-en/honor-magicbook-pro-laptops-657780.html,Built-in Dual Speakers/Mic,
Laptop,MSI,Prestige,630721,18%,4899,3999,Intel AI Boost,AI Enabled,Stellar Grey,1.4 GHz,Intel Core Ultra 7,Intel Iris Xe Graphics,Windows 11 Home,32 GB RAM,2024,2.8K OLED Display,2880 X 1800 (OLED),"13.3""",1 TB M.2 NVMe PCIe 4.0 SSD,,1080P FHD IR Camera,.99 kg ( 2.18 lb ),https://www.jarir.com/sa-en/msi-prestige13-ai-evo-a1mg-laptops-630721.html,"2 X 2W Speakers, Spatial Array Microphone (3 Mic)",
Laptop,HP,EliteBook 840,637652,14%,6999,5999,Intel AI Boost,AI Enabled,Silver,3.8 GHz,Intel Core Ultra 7,Intel Arc Graphics,Windows 11 Pro,32 GB RAM,2024,WUXGA IPS AG Display,1920 X 1200 (WUXGA),"14""",1 TB NVMe PCIe Gen 4Ã4 SSD,,5 MP Webcam IR Camera,1.41 kg ( 3.11 lb ),https://www.jarir.com/sa-en/hp-elitebook-g40-laptops-637652.html,Built-in Dual Speakers,"Commercial Device, Ultra Processor, Windows Professional"
Laptop,Lenovo,Yoga Slim 6,627986,20%,4399,3499,,,Misty Grey,P-core: 2.4 - 5.0 GHz/E-core: 1.8 - 3.7 GHz,Intel Core i7,Intel Iris Xe Graphics,Windows 11 Home,16 GB RAM,2023,WUXGA-OLED 400N,1920 X 1200 (WUXGA),"14""",512 GB NVMe M.2 SSD,,FHD 1080p with Privacy Shutter,1.35 kg ( 2.98 lb ),https://www.jarir.com/sa-en/lenovo-yoga-slim-6-laptops-627986.html,"Dolby Atmos Sound System, (2 X 2W) Speakers","Backlit Keyboard, Low Blue Light"
Laptop,Honor,MagicBook Pro 14,657773,,4999,,Intel AI Boost up to 13 TOPS,AI Enabled,Starry Grey,P-core: 2.9 - 5.4 GHz/E-core: 2.7 - 4.5 GHz,Intel Core Ultra 9,Intel Arc 140T,Windows 11 Home,32 GB RAM,2025,OLED Display,3120 X 2080,"14.6""",1 TB,Yes,1080P FHD Camera,1.37 kg ( 3.02 lb ),https://www.jarir.com/sa-en/honor-magicbook-pro-laptops-657773.html,Built-in Dual Speakers/Mic,
Laptop,HP,Notebook,627297,28%,2799,1999,,,Natural Silver,P-core: 1.3 - 4.6 GHz/E-core: 0.9 - 3.4 GHz,Intel Core i5,Intel Iris Xe Graphics,Windows 11,8 GB RAM,2023,FHD-IPS Micro Edge Display,1920 X 1080 (FHD),"15.6""",512 GB PCIe NVMe M.2 SSD,,True Vision HD Webcam,1.59 kg ( 3.51 lb ),https://www.jarir.com/sa-en/hp-hp-laptops-627297.html,Built-in Dual Speakers/Mic,
Laptop,HP,Notebook,627298,28%,2799,1999,,,Moonlight Blue,P-core: 1.3 - 4.6 GHz/E-core: 0.9 - 3.4 GHz,Intel Core i5,Intel Iris Xe Graphics,Windows 11,8 GB RAM,2023,FHD-IPS Micro Edge Display,1920 X 1080 (FHD),"15.6""",512 GB PCIe NVMe M.2 SSD,,True Vision HD Webcam,1.59 kg ( 3.51 lb ),https://www.jarir.com/sa-en/hp-hp-laptops-627298.html,Built-in Dual Speakers/Mic,
Laptop,Apple,MacBook Air,646482,12%,6999,6149,16-core Neural Engine,Apple Intelligence,Starlight,,M3,10-core GPU,macOS Sequoia,24 GB RAM,2024,Liquid Retina Display,2880 X 1864,"15.3""",512 GB SSD,,1080p FaceTime HD Camera,1.51 kg ( 3.33 lb ),https://www.jarir.com/sa-en/apple-macbook-air-15-m3-laptops-646482.html,Built-in Mic/Speakers,
Laptop,HP,Pavilion,641160,17%,4499,3699,Intel AI Boost,AI Enabled,Sky Blue,1.7 GHz,Intel Core Ultra 7,Intel Graphics,Windows 11 Home,16 GB RAM,2024,WUXGA IPS Anti-glare 300N Display,1920 X 1200,"16""",1 TB PCIe Gen4,,1080P FHD Camera,1.77 kg ( 3.90 lb ),https://www.jarir.com/sa-en/hp-pavilion-laptops-641160.html,,
Laptop,Lenovo,IdeaPad Slim 5,638079,17%,4499,3699,Intel AI Boost,AI Enabled,Cloud Grey,1.4 GHz,Intel Core Ultra 7,Intel Arc Graphics,Windows 11 Home,16 GB RAM,2024,WUXGA-OLED 400N,1920 X 1200 (WUXGA),"14""",512 GB PCIe Gen 4 NVMe M.2 SSD,,FHD 1080p + IR with Privacy Shutter,1.48 kg ( 3.26 lb ),https://www.jarir.com/sa-en/lenovo-ideapad-slim-5-laptops-638079.html,"Dolby Audio, Stereo Speakers (2 X 2 W)",
Laptop,Acer,Aspire Lite,655453,23%,2999,2299,,,Silver,3.6 - 4.9 GHz,Intel Core i7,Intel UHD Graphics,Windows 11,16 GB RAM,2025,FHD-LED IPS Display,1920 X 1200,"15.6""",1 TB SSD,,FHD Webcam,1.60 kg ( 3.53 lb ),https://www.jarir.com/sa-en/acer-aspire-lite-laptops-655453.html,Built-in Mic/Speakers,
Laptop,HP,Pavilion,641161,17%,4499,3699,Intel AI Boost,AI Enabled,Natural Silver,1.7 GHz,Intel Core Ultra 7,Intel Graphics,Windows 11 Home,16 GB RAM,2024,WUXGA IPS Anti-glare 300N Display,1920 X 1200,"16""",1 TB PCIe Gen4,,1080P FHD Camera,1.77 kg ( 3.90 lb ),https://www.jarir.com/sa-en/hp-pavilion-laptops-641161.html,,
Laptop,HP,Notebook,618634,31%,2199,1499,,,Natural Silver,P-core: 1.2 - 4.5 GHz/E-core: 0.9 - 3.3 GHz,Intel Core i3,Intel Iris Xe Graphics,Windows 11,8 GB RAM,2023,FHD IPS AG 250N,1920 X 1080 (FHD),"15.6""",256 GB PCIe NVMe M.2 SSD,,True Vision HD Webcam,1.50 kg ( 3.31 lb ),https://www.jarir.com/sa-en/hp-hp-laptops-618634.html,Built-in Dual Speakers/Mic,
Laptop,MSI,Modern 14 F1MG,655351,25%,2699,1999,,,Platinum Grey,P-core: 1.8 - 5.4 GHz/E-core: 1.2 - 4 GHz,Intel Core 7,Intel Graphics,Windows 11 Home,16 GB RAM,2025,FHD IPS AG 250N,1920 X 1080 (FHD),"14""",512 GB SSD,,720p HD Camera,1.50 kg ( 3.31 lb ),https://www.jarir.com/sa-en/msi-modern-laptops-655351.html,2 X 2W Speakers,Backlit Keyboard
Laptop,Asus,Vivobook Go,641085,25%,2699,1999,,,Green Grey,2.8 GHz,AMD Ryzen 5,AMD Radeon Graphics,Windows 11 Home,16 GB RAM,2023,FHD-OLED Display,1920 X 1080 (FHD),"15.6""",512 GB PCIe NVMe M.2 SSD,,720p HD Camera with Privacy Shutter,1.63 kg ( 3.59 lb ),https://www.jarir.com/sa-en/asus-laptops-641085.html,Built-in Mic/Speaker/SonicMaster,
Laptop,Microsoft,Surface,639141,14%,4699,3999,Qualcomm Hexagon NPU 45 TOPS,CoPilot+ PC,Platinum,3.4 GHz,Qualcomm Snapdragon,Qualcomm Adreno GPU,Windows 11 Home,16 GB RAM,2024,PixelSense Flow,2304 X 1536,"13.8""",256 GB SSD,Yes,HD (2 MP) Webcam,1.60 kg ( 3.53 lb ),https://www.jarir.com/sa-en/microsoft-laptops-639141.html,,
Laptop,MSI,Modern 14 F1MG,655361,25%,2699,1999,,,Urban Silver,P-core: 1.8 - 5.4 GHz/E-core: 1.2 - 4 GHz,Intel Core 7,Intel Graphics,Windows 11 Home,16 GB RAM,2025,FHD IPS AG 250N,1920 X 1080 (FHD),"14""",512 GB SSD,,720p HD Camera,1.50 kg ( 3.31 lb ),https://www.jarir.com/sa-en/msi-modern-laptops-655361.html,2 X 2W Speakers,Backlit Keyboard
Laptop,Apple,MacBook Air,646471,11%,6199,5499,16-core Neural Engine,Apple Intelligence,Silver,,M3,10-core GPU,macOS Sequoia,24 GB RAM,2024,Liquid Retina Display,2560 X 1664,"13.6""",512 GB SSD,,1080p FaceTime HD Camera,1.24 kg ( 2.73 lb ),https://www.jarir.com/sa-en/apple-macbook-air-13-m3-laptops-646471.html,Built-in Mic/Speakers,
Laptop,Apple,MacBook Air,646472,11%,6199,5499,16-core Neural Engine,Apple Intelligence,Starlight,,M3,10-core GPU,macOS Sequoia,24 GB RAM,2024,Liquid Retina Display,2560 X 1664,"13.6""",512 GB SSD,,1080p FaceTime HD Camera,1.24 kg ( 2.73 lb ),https://www.jarir.com/sa-en/apple-macbook-air-13-m3-laptops-646472.html,Built-in Mic/Speakers,
Laptop,Apple,MacBook Air,646473,11%,6199,5499,16-core Neural Engine,Apple Intelligence,Midnight,,M3,10-core GPU,macOS Sequoia,24 GB RAM,2024,Liquid Retina Display,2560 X 1664,"13.6""",512 GB SSD,,1080p FaceTime HD Camera,1.24 kg ( 2.73 lb ),https://www.jarir.com/sa-en/apple-macbook-air-13-m3-laptops-646473.html,Built-in Mic/Speakers,
Laptop,Apple,MacBook Air,646470,11%,6199,5499,16-core Neural Engine,Apple Intelligence,Space Grey,,M3,10-core GPU,macOS Sequoia,24 GB RAM,2024,Liquid Retina Display,2560 X 1664,"13.6""",512 GB SSD,,1080p FaceTime HD Camera,1.24 kg ( 2.73 lb ),https://www.jarir.com/sa-en/apple-macbook-air-13-m3-laptops-646470.html,Built-in Mic/Speakers,
Laptop,Asus,Zenbook,648717,11%,5999,5299,Intel AI Boost up to 13 TOPS,AI Enabled,Ponder Blue,2.9 GHz,Intel Core Ultra 9,Intel Arc Graphics,Windows 11 Home,32 GB RAM,2025,3K OLED Touch Display,2880 X 1800 (OLED),"14""",1 TB M.2 NVMe PCIe 4.0 SSD,Yes,FHD 1080p with Privacy Shutter,1.28 kg ( 2.82 lb ),https://www.jarir.com/sa-en/asus-zenbook-14-laptops-648717.html,"Smart Amp Technology, Built-in Speaker",
Laptop,Asus,Vivobook 15,653381,27%,2399,1749,,,Quiet Blue,1.3 GHz,Intel Core i5,Intel UHD Graphics,Windows 11 Home,8 GB RAM,2024,FHD-LED Anti-glare Display,1920 X 1080 (FHD),"15.6""",512 GB PCIe NVMe M.2 SSD,,720p HD Camera with Privacy Shutter,1.88 kg ( 4.14 lb ),https://www.jarir.com/sa-en/asus-vivobook-laptops-653381.html,"SonicMaster Audio, Built-in Speaker",Chiclet Keyboard
Laptop,Apple,MacBook Air,632672,12%,5499,4799,16-core Neural Engine,Apple Intelligence,Silver,,M3,10-core GPU,macOS Sonoma,8 GB RAM,2024,Liquid Retina Display,2880 X 1864,"15.3""",512 GB SSD,,1080p FaceTime HD Camera,1.51 kg ( 3.33 lb ),https://www.jarir.com/sa-en/apple-macbook-air-15-m3-laptops-632672.html,Built-in Mic/Speakers,
Laptop,MSI,Modern,645336,30%,2299,1599,,,Platinum Grey,P-core: 1.3 - 4.6 GHz/E-core: 0.9 - 3.4 GHz,Intel Core i5,Intel Iris Xe Graphics,Windows 11,8 GB RAM,2024,FHD IPS 60 Hz Display,1920 X 1080 (FHD),"14""",512 GB NVMe M.2 SSD,,HD Webcam,1.50 kg ( 3.31 lb ),https://www.jarir.com/sa-en/msi-modern-14-laptops-645336.html,Built-in Speakers/Mic,
Laptop,Apple,MacBook Air,632666,12%,5499,4799,16-core Neural Engine,Apple Intelligence,Space Grey,,M3,10-core GPU,macOS Sonoma,8 GB RAM,2024,Liquid Retina Display,2880 X 1864,"15.3""",512 GB SSD,,1080p FaceTime HD Camera,1.51 kg ( 3.33 lb ),https://www.jarir.com/sa-en/apple-macbook-air-15-m3-laptops-632666.html,Built-in Mic/Speakers,
Laptop,Apple,MacBook Air,632655,14%,4999,4299,16-core Neural Engine,Apple Intelligence,Silver,,M3,10-core GPU,macOS Sonoma,8 GB RAM,2024,Liquid Retina Display,2560 X 1664,"13.6""",512 GB SSD,,1080p FaceTime HD Camera,1.24 kg ( 2.73 lb ),https://www.jarir.com/sa-en/apple-macbook-air-13-m3-laptops-632655.html,Built-in Mic/Speakers,
Laptop,Apple,MacBook Air,632657,14%,4999,4299,16-core Neural Engine,Apple Intelligence,Starlight,,M3,10-core GPU,macOS Sonoma,8 GB RAM,2024,Liquid Retina Display,2560 X 1664,"13.6""",512 GB SSD,,1080p FaceTime HD Camera,1.24 kg ( 2.73 lb ),https://www.jarir.com/sa-en/apple-macbook-air-13-m3-laptops-632657.html,Built-in Mic/Speakers,
Laptop,Acer,Aspire 3,655512,24%,2699,2049,,,Silver,P-core: 1.7 - 4.7 GHz/E-core: 1.2 - 3.5 GHz,Intel Core i7,Intel Iris Xe Graphics,Windows 11,16 GB RAM,2025,FHD-LED IPS Display,1920 X 1080 (FHD),"15.6""",512 GB SSD,,720p HD Camera,1.90 kg ( 4.19 lb ),https://www.jarir.com/sa-en/acer-laptops-655512.html,Dual Stereo Speaker/ Dual Microphone,
Laptop,Apple,MacBook Air,632667,10%,6299,5669,16-core Neural Engine,Apple Intelligence,Midnight,,M3,10-core GPU,macOS Sonoma,16 GB RAM,2024,Liquid Retina Display,2880 X 1864,"15.3""",512 GB SSD,,1080p FaceTime HD Camera,1.51 kg ( 3.33 lb ),https://www.jarir.com/sa-en/apple-macbook-air-15-m3-laptops-632667.html,Built-in Mic/Speakers,
Laptop,Apple,MacBook Air,632675,10%,6299,5669,16-core Neural Engine,Apple Intelligence,Space Grey,,M3,10-core GPU,macOS Sonoma,16 GB RAM,2024,Liquid Retina Display,2880 X 1864,"15.3""",512 GB SSD,,1080p FaceTime HD Camera,1.51 kg ( 3.33 lb ),https://www.jarir.com/sa-en/apple-macbook-air-15-m3-laptops-632675.html,Built-in Mic/Speakers,
Laptop,Lenovo,IdeaPad Slim 3,638074,30%,1999,1399,,,Arctic Grey,1.8 GHz,Intel Core i3,Intel UHD Graphics,Windows 11 Home,8 GB RAM,2024,FHD TN AG 250N,1920 X 1080 (FHD),"14""",256 GB NVMe M.2 SSD,,720p HD Camera with Privacy Shutter,1.37 kg ( 3.02 lb ),https://www.jarir.com/sa-en/lenovo-ideapad-slim-3-laptops-638074.html,"Dolby Audio, Stereo Speakers (2 X 1.5 W)",
Laptop,Apple,MacBook Air,632677,10%,5499,4899,16-core Neural Engine,Apple Intelligence,Midnight,,M3,10-core GPU,macOS Sonoma,8 GB RAM,2024,Liquid Retina Display,2880 X 1864,"15.3""",512 GB SSD,,1080p FaceTime HD Camera,1.51 kg ( 3.33 lb ),https://www.jarir.com/sa-en/apple-macbook-air-15-m3-laptops-632677.html,Built-in Mic/Speakers,
Laptop,Acer,Aspire Go,644106,20%,2999,2399,,,Silver,3.6 - 4.9 GHz,Intel Core i7,Intel UHD Graphics,Windows 11,16 GB RAM,2024,FHD-LED IPS Display,1920 X 1200,"14""",1 TB SSD,,720p HD Camera,1.60 kg ( 3.53 lb ),https://www.jarir.com/sa-en/acer-aspire-go-14-laptops-644106.html,Built-in Mic/Speakers,
Laptop,Asus,ExpertBook,643409,15%,3999,3399,Intel AI Boost up to 40 TOPS,CoPilot+ PC,Misty Grey,1.6 GHz,Intel Core Ultra 5,Intel Arc 130V,Windows 11 Home,16 GB RAM,2024,WQXGA Anti-glare Display,2560 X 1600 (WQXGA),"14""",512 GB PCIe NVMe M.2 SSD,,FHD IR Camera,1.29 kg ( 2.84 lb ),https://www.jarir.com/sa-en/asus-laptops-643409.html,"Built-in Speaker/Microphone, Smart Amp Technology","Backlit Chiclet Keyboard, Dolby Atmos"
Laptop,Asus,ExpertBook,643410,12%,4999,4399,Intel AI Boost up to 47 TOPS,CoPilot+ PC,Misty Grey,1.8 GHz,Intel Core Ultra 7,Intel Arc 140V,Windows 11 Home,32 GB RAM,2024,WQXGA Anti-glare Display,2560 X 1600 (WQXGA),"14""",1 TB M.2 NVMe PCIe 4.0 SSD,,FHD IR Camera,1.27 kg ( 2.80 lb ),https://www.jarir.com/sa-en/asus-laptops-643410.html,"Built-in Speaker/Microphone, Smart Amp Technology","Backlit Chiclet Keyboard, Dolby Atmos"
Laptop,Acer,Aspire Go,644115,21%,2799,2199,,,Silver,3.2 GHz,AMD Ryzen 7,AMD Radeon 680M,Windows 11,16 GB RAM,2024,Acer ComfyView FHD-LED Display,1920 X 1080 (FHD),"15.6""",512 GB SSD,,FHD Webcam,1.70 kg ( 3.75 lb ),https://www.jarir.com/sa-en/acer-aspire-go-15-laptops-644115.html,Built-in Mic/Speakers,
Laptop,Lenovo,Yoga Slim 7,653508,13%,4299,3699,Intel AI Boost,AI Enabled,Luna Grey,P-core: 1.4 - 4.8 GHz/E-core: 0.9 - 3.8 GHz,Intel Core Ultra 7,Intel Arc Graphics,Windows 11 Home,16 GB RAM,2025,WUXGA-OLED 400N,1920 X 1200 (WUXGA),"14""",512 GB SSD,,1080p HD Camera + IR with E-shutter + TOF,1.39 kg ( 3.06 lb ),https://www.jarir.com/sa-en/lenovo-laptops-653508.html,"Dolby Atmos, 4 X 2W Speakers",
Laptop,Apple,MacBook Air,646477,10%,5299,4749,16-core Neural Engine,Apple Intelligence,Starlight,,M3,10-core GPU,macOS Sequoia,16 GB RAM,2024,Liquid Retina Display,2880 X 1864,"15.3""",256 GB SSD,,1080p FaceTime HD Camera,1.51 kg ( 3.33 lb ),https://www.jarir.com/sa-en/apple-macbook-air-15-m3-laptops-646477.html,Built-in Mic/Speakers,
Laptop,Lenovo,IdeaPad 3,643729,23%,2299,1749,,,Arctic Grey,P-core: 1.2 - 4.4 GHz/E-core: 0.9 - 3.3 GHz,Intel Core i5,Intel Iris Xe Graphics,Windows 11,8 GB RAM,2024,FHD TN AG 250N,1920 X 1080 (FHD),"15.6""",512 GB NVMe M.2 SSD,,720p HD Camera with Privacy Shutter,1.63 kg ( 3.59 lb ),https://www.jarir.com/sa-en/lenovo-ideapad-3-laptops-643729.html,"Dolby Audio, Stereo Speakers (2 X 1.5 W)",
Laptop,Apple,MacBook Air,646475,10%,5299,4749,16-core Neural Engine,Apple Intelligence,Space Grey,,M3,10-core GPU,macOS Sequoia,16 GB RAM,2024,Liquid Retina Display,2880 X 1864,"15.3""",256 GB SSD,,1080p FaceTime HD Camera,1.51 kg ( 3.33 lb ),https://www.jarir.com/sa-en/apple-macbook-air-15-m3-laptops-646475.html,Built-in Mic/Speakers,
Laptop,Lenovo,IdeaPad Slim 3,653499,17%,2799,2299,,,Luna Grey,P-core: 2.1 - 4.6 GHz/E-core: 1.5 - 3.4 GHz,Intel Core i5,Intel UHD Graphics,Windows 11 Home,16 GB RAM,2025,WUXGA IPS Anti-glare 300N Display,1920 X 1200 (WUXGA),"15.3""",1 TB SSD,,720p HD Camera with Privacy Shutter,1.59 kg ( 3.51 lb ),https://www.jarir.com/sa-en/lenovo-ideapad-slim-3-laptops-653499.html,"Dolby Audio, Stereo Speakers (2 X 2 W)",
Laptop,Acer,Aspire Lite,635164,25%,1799,1349,,,Silver,1.8 GHz,Intel Core i3,Intel UHD Graphics,Windows 11,8 GB RAM,2024,WUXGA IPS AG Display,1920 X 1200 (WUXGA),"14""",512 GB SSD,,FHD Webcam,1.60 kg ( 3.53 lb ),https://www.jarir.com/sa-en/acer-aspire-lite-al14-31p-laptops-635164.html,Built-in Mic/Speakers,
Laptop,Acer,Aspire Go,644109,25%,1999,1499,,,Silver,2.8 GHz,AMD Ryzen 5,AMD Radeon 610M,Windows 11,8 GB RAM,2024,FHD-LED IPS Display,1920 X 1200,"14""",512 GB SSD,,720p HD Camera,1.60 kg ( 3.53 lb ),https://www.jarir.com/sa-en/acer-aspire-go-14-laptops-644109.html,Built-in Mic/Speakers,
Laptop,Acer,Aspire Lite,649332,27%,1799,1299,,,Silver,1.8 GHz,Intel Core i3,Intel UHD Graphics,Windows 11,8 GB RAM,2024,WUXGA IPS AG Display,1920 X 1200 (WUXGA),"14""",512 GB SSD,,FHD Webcam,1.60 kg ( 3.53 lb ),https://www.jarir.com/sa-en/acer-aspire-lite-al14-31-laptops-649332.html,Built-in Mic/Speakers,
Laptop,Asus,Vivobook,635965,15%,2899,2449,,,Quiet Blue,1.7 GHz,Intel Core i7,Intel Iris Xe Graphics,Windows 11 Home,16 GB RAM,2024,FHD-LED Anti-glare Display,1920 X 1080 (FHD),"15.6""",512 GB PCIe NVMe M.2 SSD,,720p HD Camera with Privacy Shutter,1.88 kg ( 4.14 lb ),https://www.jarir.com/sa-en/asus-laptops-635965.html,"SonicMaster Audio, Built-in Speaker",Chiclet Keyboard
Laptop,Asus,Vivobook,659571,15%,2899,2449,,,Cool Silver,2.0 GHz,AMD Ryzen 7,AMD Radeon Graphics,Windows 11 Home,16 GB RAM,2025,FHD AG Display,1920 X 1080 (FHD),"15.6""",512 GB PCIe 3.0 NVMe M.2 SSD,,720p HD Camera with Privacy Shutter,1.70 kg ( 3.75 lb ),https://www.jarir.com/sa-en/asus-vivobook-15-laptops-659571.html,Built-in Speaker/Array Microphone,"Chiclet Keyboard, SonicMaster Audio"
Laptop,Acer,Aspire 5,655459,11%,3399,2999,,,Grey,P-core: 2.6 - 5.4 GHz/E-core: 1.9 - 4.1 GHz,Intel Core i9,Intel Iris Xe Graphics,Windows 11,16 GB RAM,2025,Acer FHD IPS LED,1920 X 1080 (FHD),"15.6""",1 TB SSD,,FHD Webcam,1.70 kg ( 3.75 lb ),https://www.jarir.com/sa-en/acer-laptops-655459.html,,
Laptop,Asus,Vivobook Go,635962,21%,1899,1499,,,Cool Silver,1.8 GHz,Intel Core i3,Intel UHD Graphics,Windows 11 Home,8 GB RAM,2024,FHD-LED 60 Hz IPS Display,1920 X 1080 (FHD),"15.6""",512 GB PCIe 3.0 NVMe M.2 SSD,,720p HD Camera with Privacy Shutter,1.70 kg ( 3.75 lb ),https://www.jarir.com/sa-en/asus-vivobook-15-laptops-635962.html,"Built-in Speakers, Array Microphone",
Laptop,Asus,Vivobook,649024,12%,3299,2899,,,Indie Black,2.6 GHz,Intel Core i9,Intel Iris Xe Graphics,Windows 11 Home,16 GB RAM,2024,WUXGA-LED IPS,1920 X 1200 (WUXGA),"16""",512 GB PCIe 3.0 NVMe M.2 SSD,,720p HD Camera,1.88 kg ( 4.14 lb ),https://www.jarir.com/sa-en/asus-vivobook-16-laptops-649024.html,"SonicMaster, Built-in Mic/Speaker",
Laptop,Apple,MacBook Air,646469,9%,4299,3899,16-core Neural Engine,Apple Intelligence,Midnight,,M3,8-core GPU,macOS Sequoia,16 GB RAM,2024,Liquid Retina Display,2560 X 1664,"13.6""",256 GB SSD,,1080p FaceTime HD Camera,1.24 kg ( 2.73 lb ),https://www.jarir.com/sa-en/apple-macbook-air-13-m3-laptops-646469.html,Built-in Mic/Speakers,
Laptop,Apple,MacBook Air,646468,9%,4299,3899,16-core Neural Engine,Apple Intelligence,Starlight,,M3,8-core GPU,macOS Sequoia,16 GB RAM,2024,Liquid Retina Display,2560 X 1664,"13.6""",256 GB SSD,,1080p FaceTime HD Camera,1.24 kg ( 2.73 lb ),https://www.jarir.com/sa-en/apple-macbook-air-13-m3-laptops-646468.html,Built-in Mic/Speakers,
Laptop,Acer,Aspire Lite,649863,20%,1699,1349,,,Silver,1.1 GHz,Intel Core N,Intel UHD Graphics,Windows 11,8 GB RAM,2024,WUXGA-LED IPS,1920 X 1200 (WUXGA),"14""",512 GB SSD,Yes,1080P FHD Camera,1.60 kg ( 3.53 lb ),https://www.jarir.com/sa-en/acer-aspire-lite-laptops-649863.html,Built-in Speakers/Mic,
Laptop,Asus,V16,659568,10%,3499,3149,,,Matte Black,2.2 GHz,Intel Core 5,NVIDIA GeForce RTX 4050 (6 GB with up to 194 AI TOPS),Windows 11 Home,16 GB RAM,2025,WUXGA Anti-glare Display,1920 X 1200,"16""",512 GB PCIe 4.0 NVMe M.2 SSD,,FHD 1080p with Privacy Shutter,1.95 kg ( 4.30 lb ),https://www.jarir.com/sa-en/asus-vivobook-laptops-659568.html,"Built-in Mic/Speaker, SonicMaster",Backlit Chiclet Keyboard with Num-key
Laptop,Apple,MacBook Air,646463,2%,3699,3599,16-core Neural Engine,Apple Intelligence,Silver,,M2,8-core GPU,macOS Sequoia,16 GB RAM,2024,Retina Display,2560 X 1664,"13.6""",256 GB SSD,,1080p FaceTime HD Camera,1.24 kg ( 2.73 lb ),https://www.jarir.com/sa-en/apple-macbook-air-13-m2-laptops-646463.html,Built-in Mic/Speakers,
Laptop,Huawei,MateBook D,631589,2%,3699,3599,,,Mystic Silver,P-core: 2.0 - 4.4 GHz/E-core: 1.5 - 3.3 GHz,Intel Core i5,Intel UHD Graphics,Windows 11 Home,16 GB RAM,2023,FHD IPS AG 300N,1920 X 1080 (FHD),"14""",512 GB PCIe NVMe M.2 SSD,,HD (1 MP) Webcam,1.39 kg ( 3.06 lb ),https://www.jarir.com/sa-en/huawei-laptops-631589.html,2 X 2W Speakers,"WiFi 6, Huawei Share, Eye Comfort Mode"
Laptop,Lenovo,Yoga Slim 7 Aura Edition,658510,,5999,,Intel AI Boost up to 47 TOPS,CoPilot+ PC,Luna Grey,P-core: 2.2 - 4.8 GHz/E-core: 2.2 - 3.7 GHz,Intel Core Ultra 7,Intel Arc 140V,Windows 11 Home,32 GB RAM,2025,2.8K WQXGA+ 120 Hz Display,2880 X 1800,"14""",1 TB SSD,,5 MP + IR with E-shutter,1.19 kg ( 2.62 lb ),https://www.jarir.com/sa-en/lenovo-laptops-658510.html,"4 Stereo Speakers, 2 X 2W (Woofers), 2 X 2W (Tweeters), Dolby Atmos",
Laptop,Apple,MacBook Air,661498,,5299,,16-core Neural Engine,Apple Intelligence,Silver,,M3,10-core GPU,macOS Sonoma,16 GB RAM,2024,Liquid Retina Display,2560 X 1664,"13.6""",512 GB SSD,,1080p FaceTime HD Camera,1.24 kg ( 2.73 lb ),https://www.jarir.com/sa-en/apple-macbook-air-laptops-661498.html,Built-in Mic/Speakers,
Laptop,Apple,MacBook Air,661499,,6299,,16-core Neural Engine,Apple Intelligence,Silver,,M3,10-core GPU,macOS Sonoma,16 GB RAM,2024,Liquid Retina Display,2880 X 1864,"15.3""",512 GB SSD,,1080p FaceTime HD Camera,1.51 kg ( 3.33 lb ),https://www.jarir.com/sa-en/apple-macbook-air-laptops-661499.html,Built-in Mic/Speakers,
Laptop,HP,OmniBook,660025,,4599,,Intel AI Boost up to 12 TOPS,AI Enabled,Glacier Silver,P-core: 2.0 - 5.2 GHz/E-core: 1.7 - 4.2 GHz,Intel Core Ultra 7,Intel Graphics,Windows 11 Home,16 GB RAM,2025,2K IPS 300N AG,1920 X 1200,"16""",1 TB PCIe Gen4,,1080P FHD IR Camera,1.77 kg ( 3.90 lb ),https://www.jarir.com/sa-en/hp-laptops-660025.html,"DTS:X Ultra, Dual Speakers, HP Audio Boost",
Laptop,HP,OmniBook,660010,,4599,,Intel AI Boost up to 12 TOPS,AI Enabled,Sky Blue,P-core: 2.0 - 5.2 GHz/E-core: 1.7 - 4.2 GHz,Intel Core Ultra 7,Intel Graphics,Windows 11 Home,16 GB RAM,2025,2K IPS 300N AG,1920 X 1200,"16""",1 TB PCIe Gen4,,1080P FHD IR Camera,1.77 kg ( 3.90 lb ),https://www.jarir.com/sa-en/hp-laptops-660010.html,"DTS:X Ultra, Dual Speakers, HP Audio Boost",
Laptop,Apple,MacBook Pro,646500,,16199,,16-core Neural Engine,Apple Intelligence,Space Black,,M4 Max,32-core GPU,macOS Sequoia,36 GB RAM,2024,Liquid Retina XDR Display,3456 X 2234,"16""",1 TB SSD,,12 MP Center Stage Camera,2.14 kg ( 4.72 lb ),https://www.jarir.com/sa-en/apple-macbook-pro-16-m4-max-laptops-646500.html,High Fidelity Six-speakers,"Retina XDR Display, Touch ID"
Laptop,HP,Notebook,641320,,3399,,,,Natural Silver,2.0 GHz,AMD Ryzen 7,AMD Radeon Graphics,Windows 11 Home,16 GB RAM,2024,FHD-LED Anti-glare Display,1920 X 1080 (FHD),"15.6""",512 GB SSD,,True Vision 1080p FHD Camera with Temporal Noise Reduction,1.59 kg ( 3.51 lb ),https://www.jarir.com/sa-en/hp-notebook-laptops-641320.html,Built-in Dual Speakers/Mic,
Laptop,Apple,MacBook Pro,646496,,9499,,16-core Neural Engine,Apple Intelligence,Space Black,,M4 Pro,16-core GPU,macOS Sequoia,24 GB RAM,2024,Liquid Retina XDR Display,3024 X 1964,"14.2""",512 GB SSD,,12 MP Center Stage Camera,1.55 kg ( 3.42 lb ),https://www.jarir.com/sa-en/apple-macbook-pro-14-m4-pro-laptops-646496.html,High Fidelity Six-speakers,"Retina XDR Display, Touch ID"
Laptop,Apple,MacBook Pro,646474,,7499,,16-core Neural Engine,Apple Intelligence,Space Black,,M4,10-core GPU,macOS Sequoia,16 GB RAM,2024,Liquid Retina XDR Display,3024 X 1964,"14.2""",512 GB SSD,,12 MP Center Stage Camera,1.55 kg ( 3.42 lb ),https://www.jarir.com/sa-en/apple-macbook-pro-14-m4-laptops-646474.html,High Fidelity Six-speakers,"Retina XDR Display, Touch ID"
Laptop,Lenovo,ThinkPad X9 14,656512,,7999,,Intel AI Boost up to 47 TOPS,CoPilot+ PC,Grey,2.2 - 4.8 GHzÂ ,Intel Core Ultra 7,Intel Arc 140V,Windows 11 Pro,32 GB RAM,2025,WUXGA-OLED 400N,1920 X 1200,"14""",1 TB PCIe NVMe M.2 SSD,,FHD Webcam,1.21 kg ( 2.67 lb ),https://www.jarir.com/sa-en/lenovo-laptops-656512.html,"Stereo Speakers 2 X 2W, Dolby Atmos","High Definition Audio, Cirrus Logic CS42L43"
Laptop,Apple,MacBook Air,654292,,6399,,16-core Neural Engine,Apple Intelligence,Midnight,,M4,10-core GPU,macOS Sequoia,24 GB RAM,2025,Liquid Retina Display,2560 X 1664,"13.6""",512 GB SSD,,12 MP Center Stage Camera,1.24 kg ( 2.73 lb ),https://www.jarir.com/sa-en/apple-macbook-air-laptops-654292.html,Built-in Mic/Speakers,
Laptop,Apple,MacBook Air,646465,,3699,,16-core Neural Engine,Apple Intelligence,Midnight,,M2,8-core GPU,macOS Sequoia,16 GB RAM,2024,Retina Display,2560 X 1664,"13.6""",256 GB SSD,,1080p FaceTime HD Camera,1.24 kg ( 2.73 lb ),https://www.jarir.com/sa-en/apple-macbook-air-13-m2-laptops-646465.html,Built-in Mic/Speakers,
Laptop,Apple,MacBook Air,654285,,4499,,16-core Neural Engine,Apple Intelligence,Midnight,,M4,8-core GPU,macOS Sequoia,16 GB RAM,2025,Liquid Retina Display,2560 X 1664,"13.6""",256 GB SSD,,12 MP Center Stage Camera,1.24 kg ( 2.73 lb ),https://www.jarir.com/sa-en/apple-macbook-air-laptops-654285.html,Built-in Mic/Speakers,
Laptop,Apple,MacBook Air,654294,,5499,,16-core Neural Engine,Apple Intelligence,Starlight,,M4,10-core GPU,macOS Sequoia,16 GB RAM,2025,Liquid Retina Display,2880 X 1864,"15.3""",256 GB SSD,,12 MP Center Stage Camera,1.51 kg ( 3.33 lb ),https://www.jarir.com/sa-en/apple-macbook-air-laptops-654294.html,Built-in Mic/Speakers,
Laptop,HP,Pavilion Plus,634878,,5999,,Intel AI Boost,AI Enabled,Natural Silver,4.8 GHz,Intel Core Ultra 7,Intel Arc Graphics,Windows 11 Home,32 GB RAM,2024,2.8K OLED Display,2880 X 1800 (OLED),"14""",1 TB PCIe NVMe M.2 SSD,,Wide Vision 5 MP IR Camera,1.44 kg ( 3.17 lb ),https://www.jarir.com/sa-en/hp-pavilion-plus-laptops-634878.html,"DTS:X Ultra, Dual Speakers, HP Audio Boost","Backlit Keyboard, IMAX Enhanced, Low Blue Light, Poly Studio, Micro-edge"
Laptop,HP,Notebook,641319,,2499,,,,Natural Silver,2.8 GHz,AMD Ryzen 5,AMD Radeon Graphics,Windows 11 Home,8 GB RAM,2024,FHD-LED Anti-glare Display,1920 X 1080 (FHD),"15.6""",512 GB SSD,,720p HD Camera,1.59 kg ( 3.51 lb ),https://www.jarir.com/sa-en/hp-notebook-laptops-641319.html,Built-in Dual Speakers/Mic,
Laptop,Apple,MacBook Air,632662,,5299,,16-core Neural Engine,Apple Intelligence,Midnight,,M3,10-core GPU,macOS Sonoma,16 GB RAM,2024,Liquid Retina Display,2560 X 1664,"13.6""",512 GB SSD,,1080p FaceTime HD Camera,1.24 kg ( 2.73 lb ),https://www.jarir.com/sa-en/apple-macbook-air-13-m3-laptops-632662.html,Built-in Mic/Speakers,
Laptop,Apple,MacBook Pro,646502,,18549,,16-core Neural Engine,Apple Intelligence,Space Black,,M4 Max,40-core GPU,macOS Sequoia,48 GB RAM,2024,Liquid Retina XDR Display,3456 X 2234,"16""",1 TB SSD,,12 MP Center Stage Camera,2.14 kg ( 4.72 lb ),https://www.jarir.com/sa-en/apple-macbook-pro-16-m4-max-laptops-646502.html,High Fidelity Six-speakers,"Retina XDR Display, Touch ID"
Laptop,Apple,MacBook Air,654327,,6399,,16-core Neural Engine,Apple Intelligence,Sky Blue,,M4,10-core GPU,macOS Sequoia,24 GB RAM,2025,Liquid Retina Display,2560 X 1664,"13.6""",512 GB SSD,,12 MP Center Stage Camera,1.24 kg ( 2.73 lb ),https://www.jarir.com/sa-en/apple-macbook-air-laptops-654327.html,Built-in Mic/Speakers,
Laptop,Apple,MacBook Air,654304,,7399,,16-core Neural Engine,Apple Intelligence,Sky Blue,,M4,10-core GPU,macOS Sequoia,24 GB RAM,2025,Liquid Retina Display,2880 X 1864,"15.3""",512 GB SSD,,12 MP Center Stage Camera,1.51 kg ( 3.33 lb ),https://www.jarir.com/sa-en/apple-macbook-air-laptops-654304.html,Built-in Mic/Speakers,
Laptop,Apple,MacBook Air,646466,,4299,,16-core Neural Engine,Apple Intelligence,Space Grey,,M3,8-core GPU,macOS Sequoia,16 GB RAM,2024,Liquid Retina Display,2560 X 1664,"13.6""",256 GB SSD,,1080p FaceTime HD Camera,1.24 kg ( 2.73 lb ),https://www.jarir.com/sa-en/apple-macbook-air-13-m3-laptops-646466.html,Built-in Mic/Speakers,
Laptop,Apple,MacBook Air,654290,,6399,,16-core Neural Engine,Apple Intelligence,Silver,,M4,10-core GPU,macOS Sequoia,24 GB RAM,2025,Liquid Retina Display,2560 X 1664,"13.6""",512 GB SSD,,12 MP Center Stage Camera,1.24 kg ( 2.73 lb ),https://www.jarir.com/sa-en/apple-macbook-air-laptops-654290.html,Built-in Mic/Speakers,
Laptop,Apple,MacBook Air,654296,,5499,,16-core Neural Engine,Apple Intelligence,Sky Blue,,M4,10-core GPU,macOS Sequoia,16 GB RAM,2025,Liquid Retina Display,2880 X 1864,"15.3""",256 GB SSD,,12 MP Center Stage Camera,1.51 kg ( 3.33 lb ),https://www.jarir.com/sa-en/apple-macbook-air-laptops-654296.html,Built-in Mic/Speakers,
Laptop,Apple,MacBook Air,654291,,6399,,16-core Neural Engine,Apple Intelligence,Starlight,,M4,10-core GPU,macOS Sequoia,24 GB RAM,2025,Liquid Retina Display,2560 X 1664,"13.6""",512 GB SSD,,12 MP Center Stage Camera,1.24 kg ( 2.73 lb ),https://www.jarir.com/sa-en/apple-macbook-air-laptops-654291.html,Built-in Mic/Speakers,
Laptop,Apple,MacBook Air,654302,,7399,,16-core Neural Engine,Apple Intelligence,Starlight,,M4,10-core GPU,macOS Sequoia,24 GB RAM,2025,Liquid Retina Display,2880 X 1864,"15.3""",512 GB SSD,,12 MP Center Stage Camera,1.51 kg ( 3.33 lb ),https://www.jarir.com/sa-en/apple-macbook-air-laptops-654302.html,Built-in Mic/Speakers,
Laptop,Apple,MacBook Air,654297,,6449,,16-core Neural Engine,Apple Intelligence,Sky Blue,,M4,10-core GPU,macOS Sequoia,16 GB RAM,2025,Liquid Retina Display,2880 X 1864,"15.3""",512 GB SSD,,12 MP Center Stage Camera,1.51 kg ( 3.33 lb ),https://www.jarir.com/sa-en/apple-macbook-air-laptops-654297.html,Built-in Mic/Speakers,
Laptop,Apple,MacBook Air,654303,,7399,,16-core Neural Engine,Apple Intelligence,Midnight,,M4,10-core GPU,macOS Sequoia,24 GB RAM,2025,Liquid Retina Display,2880 X 1864,"15.3""",512 GB SSD,,12 MP Center Stage Camera,1.51 kg ( 3.33 lb ),https://www.jarir.com/sa-en/apple-macbook-air-laptops-654303.html,Built-in Mic/Speakers,
Laptop,Apple,MacBook Air,654301,,7399,,16-core Neural Engine,Apple Intelligence,Silver,,M4,10-core GPU,macOS Sequoia,24 GB RAM,2025,Liquid Retina Display,2880 X 1864,"15.3""",512 GB SSD,,12 MP Center Stage Camera,1.51 kg ( 3.33 lb ),https://www.jarir.com/sa-en/apple-macbook-air-laptops-654301.html,Built-in Mic/Speakers,
Laptop,Apple,MacBook Air,654332,,5449,,16-core Neural Engine,Apple Intelligence,Sky Blue,,M4,10-core GPU,macOS Sequoia,16 GB RAM,2025,Liquid Retina Display,2560 X 1664,"13.6""",512 GB SSD,,12 MP Center Stage Camera,1.24 kg ( 2.73 lb ),https://www.jarir.com/sa-en/apple-macbook-air-laptops-654332.html,Built-in Mic/Speakers,
Laptop,Apple,MacBook Air,654286,,4499,,16-core Neural Engine,Apple Intelligence,Sky Blue,,M4,8-core GPU,macOS Sequoia,16 GB RAM,2025,Liquid Retina Display,2560 X 1664,"13.6""",256 GB SSD,,12 MP Center Stage Camera,1.24 kg ( 2.73 lb ),https://www.jarir.com/sa-en/apple-macbook-air-laptops-654286.html,Built-in Mic/Speakers,
Laptop,Apple,MacBook Air,654293,,5499,,16-core Neural Engine,Apple Intelligence,Silver,,M4,10-core GPU,macOS Sequoia,16 GB RAM,2025,Liquid Retina Display,2880 X 1864,"15.3""",256 GB SSD,,12 MP Center Stage Camera,1.51 kg ( 3.33 lb ),https://www.jarir.com/sa-en/apple-macbook-air-laptops-654293.html,Built-in Mic/Speakers,
Laptop,HP,,654667,,3799,,,,Natural Silver,,Intel Core i7,Intel Iris Xe Graphics,Windows 11 Home,16 GB RAM,2023,FHD IPS AG 300N,1920 X 1080 (FHD),"15.6""",512 GB SSD,,,1.59 kg ( 3.51 lb ),https://www.jarir.com/sa-en/hp-laptops-654667.html,,
Laptop,Lenovo,ThinkBook 14 G8,661298,,4799,,Intel AI Boost up to 13 TOPS,AI Enabled,Arctic Grey,P-core: 2.0 - 5.1 GHz/E-core: 1.5 - 4.4 GHz,Intel Core Ultra 7,Intel Arc 140T,Windows 11 Pro,32 GB RAM,2025,WUXGA IPS Anti-glare 300N Display,1920 X 1200 (WUXGA),"14""",1 TB SSD,,FHD 1080p with Privacy Shutter,1.36 kg ( 3.00 lb ),https://www.jarir.com/sa-en/lenovo-thinkbook-14-laptops-661298.html,"Dolby Audio, Stereo Speakers (2 X 2W)",
Laptop,Lenovo,ThinkBook 16 G8,661299,,4799,,Intel AI Boost up to 13 TOPS,AI Enabled,Arctic Grey,P-core: 2.0 - 5.1 GHz/E-core: 1.5 - 4.4 GHz,Intel Core Ultra 7,Intel Arc 140T,Windows 11 Pro,32 GB RAM,2025,WUXGA IPS Anti-glare 300N Display,1920 X 1200 (WUXGA),"16""",1 TB SSD,,FHD 1080p with Privacy Shutter,1.70 kg ( 3.75 lb ),https://www.jarir.com/sa-en/lenovo-thinkbook-16-laptops-661299.html,"Dolby Audio, Stereo Speakers (2 X 2W)",
Laptop,Lenovo,ThinkBook 16 G8,661297,,3499,,Intel AI Boost up to 12 TOPS,AI Enabled,Arctic Grey,P-core: 1.5 - 4.8 GHz/E-core: 1.3 - 3.8 GHz,Intel Core Ultra 5,Intel Graphics,Windows 11 Pro,16 GB RAM,2025,WUXGA IPS Anti-glare 300N Display,1920 X 1200 (WUXGA),"16""",512 GB SSD,,FHD 1080p with Privacy Shutter,1.70 kg ( 3.75 lb ),https://www.jarir.com/sa-en/lenovo-thinkbook-16-laptops-661297.html,"Dolby Audio, Stereo Speakers (2 X 2W)",
Laptop,Lenovo,ThinkBook 14 G8,661295,,3499,,Intel AI Boost up to 12 TOPS,AI Enabled,Arctic Grey,P-core: 1.5 - 4.8 GHz/E-core: 1.3 - 3.8 GHz,Intel Core Ultra 5,Intel Graphics,Windows 11 Pro,16 GB RAM,2025,WUXGA IPS Anti-glare 300N Display,1920 X 1200 (WUXGA),"14""",512 GB SSD,,FHD 1080p with Privacy Shutter,1.36 kg ( 3.00 lb ),https://www.jarir.com/sa-en/lenovo-thinkbook-14-laptops-661295.html,"Dolby Audio, Stereo Speakers (2 X 2W)",
Laptop,Apple,MacBook Air,654289,,5449,,16-core Neural Engine,Apple Intelligence,Midnight,,M4,10-core GPU,macOS Sequoia,16 GB RAM,2025,Liquid Retina Display,2560 X 1664,"13.6""",512 GB SSD,,12 MP Center Stage Camera,1.24 kg ( 2.73 lb ),https://www.jarir.com/sa-en/apple-macbook-air-laptops-654289.html,Built-in Mic/Speakers,
Laptop,Apple,MacBook Air,654288,,5449,,16-core Neural Engine,Apple Intelligence,Starlight,,M4,10-core GPU,macOS Sequoia,16 GB RAM,2025,Liquid Retina Display,2560 X 1664,"13.6""",512 GB SSD,,12 MP Center Stage Camera,1.24 kg ( 2.73 lb ),https://www.jarir.com/sa-en/apple-macbook-air-laptops-654288.html,Built-in Mic/Speakers,
Laptop,Apple,MacBook Air,654300,,6449,,16-core Neural Engine,Apple Intelligence,Midnight,,M4,10-core GPU,macOS Sequoia,16 GB RAM,2025,Liquid Retina Display,2880 X 1864,"15.3""",512 GB SSD,,12 MP Center Stage Camera,1.51 kg ( 3.33 lb ),https://www.jarir.com/sa-en/apple-macbook-air-laptops-654300.html,Built-in Mic/Speakers,
Laptop,Apple,MacBook Air,654295,,5499,,16-core Neural Engine,Apple Intelligence,Midnight,,M4,10-core GPU,macOS Sequoia,16 GB RAM,2025,Liquid Retina Display,2880 X 1864,"15.3""",256 GB SSD,,12 MP Center Stage Camera,1.51 kg ( 3.33 lb ),https://www.jarir.com/sa-en/apple-macbook-air-laptops-654295.html,Built-in Mic/Speakers,
Laptop,Apple,MacBook Air,654298,,6449,,16-core Neural Engine,Apple Intelligence,Silver,,M4,10-core GPU,macOS Sequoia,16 GB RAM,2025,Liquid Retina Display,2880 X 1864,"15.3""",512 GB SSD,,12 MP Center Stage Camera,1.51 kg ( 3.33 lb ),https://www.jarir.com/sa-en/apple-macbook-air-laptops-654298.html,Built-in Mic/Speakers,
Laptop,Lenovo,ThinkBook 16 G7,654980,,4299,,Intel AI Boost up to 11 TOPS,AI Enabled,Arctic Grey,P-core: 1.4 - 4.8 GHz/E-core: 0.9 - 3.8 GHz,Intel Core Ultra 7,Intel Arc Graphics,Windows 11 Pro,16 GB RAM,2024,WUXGA IPS AG Display,1920 X 1200 (WUXGA),"16""",512 GB SSD,,FHD 1080p with Privacy Shutter,1.70 kg ( 3.75 lb ),https://www.jarir.com/sa-en/lenovo-laptops-654980.html,"Stereo Speakers 2 X 2W, Dolby Atmos",
Laptop,Apple,MacBook Air,654287,,5449,,16-core Neural Engine,Apple Intelligence,Silver,,M4,10-core GPU,macOS Sequoia,16 GB RAM,2025,Liquid Retina Display,2560 X 1664,"13.6""",512 GB SSD,,12 MP Center Stage Camera,1.24 kg ( 2.73 lb ),https://www.jarir.com/sa-en/apple-macbook-air-laptops-654287.html,Built-in Mic/Speakers,
Laptop,Apple,MacBook Air,654299,,6449,,16-core Neural Engine,Apple Intelligence,Starlight,,M4,10-core GPU,macOS Sequoia,16 GB RAM,2025,Liquid Retina Display,2880 X 1864,"15.3""",512 GB SSD,,12 MP Center Stage Camera,1.51 kg ( 3.33 lb ),https://www.jarir.com/sa-en/apple-macbook-air-laptops-654299.html,Built-in Mic/Speakers,
Laptop,Lenovo,ThinkPad X9 15,656147,,8999,,Intel AI Boost up to 47 TOPS,CoPilot+ PC,Grey,2.2 GHz,Intel Core Ultra 7,Intel Arc 140V,Windows 11 Pro,32 GB RAM,2025,2.8K OLED 500N Multi-touch Display,2880 X 1800,"15.3""",1 TB SSD,Yes,UHD 8 MP + IR with E-shutter,1.40 kg ( 3.09 lb ),https://www.jarir.com/sa-en/lenovo-laptops-656147.html,"Stereo Speakers, 2 X 2W (Woofers)/2 X 2W (Tweeters), Dolby Atmos","High Definition Audio, Cirrus Logic CS42L43"
Laptop,Apple,MacBook Air,654283,,4499,,16-core Neural Engine,Apple Intelligence,Silver,,M4,8-core GPU,macOS Sequoia,16 GB RAM,2025,Liquid Retina Display,2560 X 1664,"13.6""",256 GB SSD,,12 MP Center Stage Camera,1.24 kg ( 2.73 lb ),https://www.jarir.com/sa-en/apple-macbook-air-laptops-654283.html,Built-in Mic/Speakers,
Laptop,Apple,MacBook Air,654284,,4499,,16-core Neural Engine,Apple Intelligence,Starlight,,M4,8-core GPU,macOS Sequoia,16 GB RAM,2025,Liquid Retina Display,2560 X 1664,"13.6""",256 GB SSD,,12 MP Center Stage Camera,1.24 kg ( 2.73 lb ),https://www.jarir.com/sa-en/apple-macbook-air-laptops-654284.html,Built-in Mic/Speakers,
Laptop,Apple,MacBook Air,632670,,7899,,16-core Neural Engine,Apple Intelligence,Starlight,,M3,10-core GPU,macOS Sonoma,16 GB RAM,2024,Liquid Retina Display,2880 X 1864,"15.3""",512 GB SSD,,1080p FaceTime HD Camera,1.51 kg ( 3.33 lb ),https://www.jarir.com/sa-en/apple-macbook-air-15-m3-laptops-632670.html,Built-in Mic/Speakers,
Laptop,Apple,MacBook Air,646467,,4299,,16-core Neural Engine,Apple Intelligence,Silver,,M3,8-core GPU,macOS Sequoia,16 GB RAM,2024,Liquid Retina Display,2560 X 1664,"13.6""",256 GB SSD,,1080p FaceTime HD Camera,1.24 kg ( 2.73 lb ),https://www.jarir.com/sa-en/apple-macbook-air-13-m3-laptops-646467.html,Built-in Mic/Speakers,
Laptop,Apple,MacBook Air,646462,,3699,,16-core Neural Engine,Apple Intelligence,Space Grey,,M2,8-core GPU,macOS Sequoia,16 GB RAM,2024,Retina Display,2560 X 1664,"13.6""",256 GB SSD,,1080p FaceTime HD Camera,1.24 kg ( 2.73 lb ),https://www.jarir.com/sa-en/apple-macbook-air-13-m2-laptops-646462.html,Built-in Mic/Speakers,
Laptop,Apple,MacBook Pro,646497,,16199,,16-core Neural Engine,Apple Intelligence,Silver,,M4 Max,32-core GPU,macOS Sequoia,36 GB RAM,2024,Liquid Retina XDR Display,3456 X 2234,"16""",1 TB SSD,,12 MP Center Stage Camera,2.14 kg ( 4.72 lb ),https://www.jarir.com/sa-en/apple-macbook-pro-16-m4-max-laptops-646497.html,High Fidelity Six-speakers,"Retina XDR Display, Touch ID"
Laptop,Apple,MacBook Pro,646488,,8499,,16-core Neural Engine,Apple Intelligence,Silver,,M4,10-core GPU,macOS Sequoia,16 GB RAM,2024,Liquid Retina XDR Display,3024 X 1964,"14.2""",1 TB SSD,,12 MP Center Stage Camera,1.55 kg ( 3.42 lb ),https://www.jarir.com/sa-en/apple-macbook-pro-14-m4-laptops-646488.html,High Fidelity Six-speakers,"Retina XDR Display, Touch ID"
Laptop,Apple,MacBook Air,646464,,3699,,16-core Neural Engine,Apple Intelligence,Starlight,,M2,8-core GPU,macOS Sequoia,16 GB RAM,2024,Retina Display,2560 X 1664,"13.6""",256 GB SSD,,1080p FaceTime HD Camera,1.24 kg ( 2.73 lb ),https://www.jarir.com/sa-en/apple-macbook-air-13-m2-laptops-646464.html,Built-in Mic/Speakers,
Laptop,Apple,MacBook Pro,646483,,9399,,16-core Neural Engine,Apple Intelligence,Space Black,,M4,10-core GPU,macOS Sequoia,24 GB RAM,2023,Liquid Retina XDR Display,3024 X 1964,"14.2""",1 TB SSD,,12 MP Center Stage Camera,1.55 kg ( 3.42 lb ),https://www.jarir.com/sa-en/apple-macbook-pro-14-m4-laptops-646483.html,High Fidelity Six-speakers,"Retina XDR Display, Touch ID"
Laptop,Apple,MacBook Pro,646479,,11499,,16-core Neural Engine,Apple Intelligence,Silver,,M4 Pro,20-core GPU,macOS Sequoia,24 GB RAM,2024,Liquid Retina XDR Display,3456 X 2234,"16""",512 GB SSD,,12 MP Center Stage Camera,2.14 kg ( 4.72 lb ),https://www.jarir.com/sa-en/apple-macbook-pro-16-m4-pro-laptops-646479.html,High Fidelity Six-speakers,"Retina XDR Display, Touch ID"
Laptop,Apple,MacBook Air,646480,,6999,,16-core Neural Engine,Apple Intelligence,Space Grey,,M3,10-core GPU,macOS Sequoia,24 GB RAM,2024,Liquid Retina Display,2880 X 1864,"15.3""",512 GB SSD,,1080p FaceTime HD Camera,1.51 kg ( 3.33 lb ),https://www.jarir.com/sa-en/apple-macbook-air-15-m3-laptops-646480.html,Built-in Mic/Speakers,
Laptop,Apple,MacBook Air,646481,,6999,,16-core Neural Engine,Apple Intelligence,Silver,,M3,10-core GPU,macOS Sequoia,24 GB RAM,2024,Liquid Retina Display,2880 X 1864,"15.3""",512 GB SSD,,1080p FaceTime HD Camera,1.51 kg ( 3.33 lb ),https://www.jarir.com/sa-en/apple-macbook-air-15-m3-laptops-646481.html,Built-in Mic/Speakers,
Laptop,Apple,MacBook Pro,646494,,13399,,16-core Neural Engine,Apple Intelligence,Space Black,,M4 Pro,20-core GPU,macOS Sequoia,48 GB RAM,2024,Liquid Retina XDR Display,3456 X 2234,"16""",512 GB SSD,,12 MP Center Stage Camera,2.14 kg ( 4.72 lb ),https://www.jarir.com/sa-en/apple-macbook-pro-16-m4-pro-laptops-646494.html,High Fidelity Six-speakers,"Retina XDR Display, Touch ID"
Laptop,Apple,MacBook Pro,646501,,18549,,16-core Neural Engine,Apple Intelligence,Silver,,M4 Max,40-core GPU,macOS Sequoia,48 GB RAM,2024,Liquid Retina XDR Display,3456 X 2234,"16""",1 TB SSD,,12 MP Center Stage Camera,2.14 kg ( 4.72 lb ),https://www.jarir.com/sa-en/apple-macbook-pro-16-m4-max-laptops-646501.html,High Fidelity Six-speakers,"Retina XDR Display, Touch ID"
Laptop,Apple,MacBook Pro,646499,,15199,,16-core Neural Engine,Apple Intelligence,Space Black,,M4 Max,32-core GPU,macOS Sequoia,36 GB RAM,2023,Liquid Retina XDR Display,3024 X 1964,"14.2""",1 TB SSD,,12 MP Center Stage Camera,1.55 kg ( 3.42 lb ),https://www.jarir.com/sa-en/apple-macbook-pro-14-m4-laptops-646499.html,High Fidelity Six-speakers,"Retina XDR Display, Touch ID"
Laptop,Apple,MacBook Air,646484,,6999,,16-core Neural Engine,Apple Intelligence,Midnight,,M3,10-core GPU,macOS Sequoia,24 GB RAM,2024,Liquid Retina Display,2880 X 1864,"15.3""",512 GB SSD,,1080p FaceTime HD Camera,1.51 kg ( 3.33 lb ),https://www.jarir.com/sa-en/apple-macbook-air-15-m3-laptops-646484.html,Built-in Mic/Speakers,
Laptop,Apple,MacBook Pro,646493,,13399,,16-core Neural Engine,Apple Intelligence,Silver,,M4 Pro,20-core GPU,macOS Sequoia,48 GB RAM,2024,Liquid Retina XDR Display,3456 X 2234,"16""",512 GB SSD,,12 MP Center Stage Camera,2.14 kg ( 4.72 lb ),https://www.jarir.com/sa-en/apple-macbook-pro-16-m4-pro-laptops-646493.html,High Fidelity Six-speakers,"Retina XDR Display, Touch ID"
Laptop,Apple,MacBook Pro,646486,,8499,,16-core Neural Engine,Apple Intelligence,Space Black,,M4,10-core GPU,macOS Sequoia,16 GB RAM,2024,Liquid Retina XDR Display,3024 X 1964,"14.2""",1 TB SSD,,12 MP Center Stage Camera,1.55 kg ( 3.42 lb ),https://www.jarir.com/sa-en/apple-macbook-pro-14-m4-laptops-646486.html,High Fidelity Six-speakers,"Retina XDR Display, Touch ID"
Laptop,Apple,MacBook Pro,646498,,11399,,16-core Neural Engine,Apple Intelligence,Space Black,,M4 Pro,20-core GPU,macOS Sequoia,24 GB RAM,2024,Liquid Retina XDR Display,3024 X 1964,"14.2""",1 TB SSD,,12 MP Center Stage Camera,1.55 kg ( 3.42 lb ),https://www.jarir.com/sa-en/apple-macbook-pro-14-m4-laptops-646498.html,High Fidelity Six-speakers,"Retina XDR Display, Touch ID"
Laptop,Apple,MacBook Pro,646490,,9499,,16-core Neural Engine,Apple Intelligence,Silver,,M4 Pro,16-core GPU,macOS Sequoia,24 GB RAM,2024,Liquid Retina XDR Display,3024 X 1964,"14.2""",512 GB SSD,,12 MP Center Stage Camera,1.55 kg ( 3.42 lb ),https://www.jarir.com/sa-en/apple-macbook-pro-14-m4-laptops-646490.html,High Fidelity Six-speakers,"Retina XDR Display, Touch ID"
Laptop,Apple,MacBook Air,646476,,5299,,16-core Neural Engine,Apple Intelligence,Silver,,M3,10-core GPU,macOS Sequoia,16 GB RAM,2024,Liquid Retina Display,2880 X 1864,"15.3""",256 GB SSD,,1080p FaceTime HD Camera,1.51 kg ( 3.33 lb ),https://www.jarir.com/sa-en/apple-macbook-air-15-m3-laptops-646476.html,Built-in Mic/Speakers,
Laptop,Apple,MacBook Pro,646492,,11399,,16-core Neural Engine,Apple Intelligence,Silver,,M4 Pro,20-core GPU,macOS Sequoia,24 GB RAM,2024,Liquid Retina XDR Display,3024 X 1964,"14.2""",1 TB SSD,,12 MP Center Stage Camera,1.55 kg ( 3.42 lb ),https://www.jarir.com/sa-en/apple-macbook-pro-14-m4-pro-laptops-646492.html,High Fidelity Six-speakers,"Retina XDR Display, Touch ID"
Laptop,Apple,MacBook Pro,646495,,15199,,16-core Neural Engine,Apple Intelligence,Silver,,M4 Max,32-core GPU,macOS Sequoia,36 GB RAM,2023,Liquid Retina XDR Display,3024 X 1964,"14.2""",1 TB SSD,,12 MP Center Stage Camera,1.55 kg ( 3.42 lb ),https://www.jarir.com/sa-en/apple-macbook-pro-14-m4-laptops-646495.html,High Fidelity Six-speakers,"Retina XDR Display, Touch ID"
Laptop,Apple,MacBook Air,646478,,5299,,16-core Neural Engine,Apple Intelligence,Midnight,,M3,10-core GPU,macOS Sequoia,16 GB RAM,2024,Liquid Retina Display,2880 X 1864,"15.3""",256 GB SSD,,1080p FaceTime HD Camera,1.51 kg ( 3.33 lb ),https://www.jarir.com/sa-en/apple-macbook-air-15-m3-laptops-646478.html,Built-in Mic/Speakers,
Laptop,Apple,MacBook Pro,646489,,11499,,16-core Neural Engine,Apple Intelligence,Space Black,,M4 Pro,20-core GPU,macOS Sequoia,24 GB RAM,2024,Liquid Retina XDR Display,3456 X 2234,"16""",512 GB SSD,,12 MP Center Stage Camera,2.14 kg ( 4.72 lb ),https://www.jarir.com/sa-en/apple-macbook-pro-16-m4-pro-laptops-646489.html,High Fidelity Six-speakers,"Retina XDR Display, Touch ID"
Laptop,Apple,MacBook Air,632661,,5299,,16-core Neural Engine,Apple Intelligence,Starlight,,M3,10-core GPU,macOS Sonoma,16 GB RAM,2024,Liquid Retina Display,2560 X 1664,"13.6""",512 GB SSD,,1080p FaceTime HD Camera,1.24 kg ( 2.73 lb ),https://www.jarir.com/sa-en/apple-macbook-air-13-m3-laptops-632661.html,Built-in Mic/Speakers,
Laptop,Apple,MacBook Pro,646485,,9399,,16-core Neural Engine,Apple Intelligence,Silver,,M4,10-core GPU,macOS Sequoia,24 GB RAM,2023,Liquid Retina XDR Display,3024 X 1964,"14.2""",1 TB SSD,,12 MP Center Stage Camera,1.55 kg ( 3.42 lb ),https://www.jarir.com/sa-en/apple-macbook-pro-14-m4-laptops-646485.html,High Fidelity Six-speakers,"Retina XDR Display, Touch ID"
Laptop,Apple,MacBook Pro,626810,26%,11299,8299,16-core Neural Engine,Apple Intelligence,Space Black,,M3 Pro,18-core GPU,macOS Sonoma,18 GB RAM,2023,Liquid Retina XDR Display,3024 X 1964,"14.2""",1 TB SSD,,1080p FaceTime HD Camera,1.61 kg ( 3.55 lb ),https://www.jarir.com/sa-en/apple-laptops-626810.html,High Fidelity Six-speakers,Retina XDR Display
Laptop,Apple,MacBook Pro,626819,21%,17999,14199,16-core Neural Engine,Apple Intelligence,Silver,,M3 Max,40-core GPU,macOS Sonoma,48 GB RAM,2023,Liquid Retina XDR Display,3456 X 2234,"16""",1 TB SSD,,1080p FaceTime HD Camera,2.16 kg ( 4.76 lb ),https://www.jarir.com/sa-en/apple-laptops-626819.html,High Fidelity Six-speakers,"Retina XDR Display, Touch ID"
Laptop,Apple,MacBook Pro,626816,30%,13299,9299,16-core Neural Engine,Apple Intelligence,Space Black,,M3 Pro,18-core GPU,macOS Sonoma,36 GB RAM,2023,Liquid Retina XDR Display,3024 X 1964,"16""",512 GB SSD,,1080p FaceTime HD Camera,2.14 kg ( 4.72 lb ),https://www.jarir.com/sa-en/apple-laptops-626816.html,High Fidelity Six-speakers,"Retina XDR Display, Touch ID"
Laptop,Apple,MacBook Pro,626815,26%,11499,8399,16-core Neural Engine,Apple Intelligence,Space Black,,M3 Pro,18-core GPU,macOS Sonoma,18 GB RAM,2023,Liquid Retina XDR Display,3024 X 1964,"16""",512 GB SSD,,1080p FaceTime HD Camera,2.14 kg ( 4.72 lb ),https://www.jarir.com/sa-en/apple-laptops-626815.html,High Fidelity Six-speakers,"Retina XDR Display, Touch ID"
Laptop,Huawei,MateBook X Pro,649209,34%,7499,4899,Intel AI Boost,AI Enabled,Morandi Blue,P-core: 1.4 - 4.8 GHz/E-core: 0.9 - 3.8 GHz,Intel Core Ultra 7,Intel Arc Graphics,Windows 11 Home,32 GB RAM,2024,3K OLED Display,3120 X 2080,"14.2""",1 TB PCIe 4.0 NVMe M.2 SSD,,1080p HD Camera,980.00 g ( 2.16 lb ),https://www.jarir.com/sa-en/huawei-matebook-x-pro-laptops-649209.html,"6 Speakers, 4 Microphone",
Laptop,Apple,MacBook Pro,626776,27%,9499,6899,16-core Neural Engine,Apple Intelligence,Space Black,,M3 Pro,14-core GPU,macOS Sonoma,18 GB RAM,2023,Liquid Retina XDR Display,3024 X 1964,"14.2""",512 GB SSD,,1080p FaceTime HD Camera,1.61 kg ( 3.55 lb ),https://www.jarir.com/sa-en/apple-laptops-626776.html,High Fidelity Six-speakers,"Retina XDR Display, Touch ID"
Laptop,Apple,MacBook Pro,626814,28%,7999,5749,16-core Neural Engine,Apple Intelligence,Space Grey,,M3,10-core GPU,macOS Sonoma,8 GB RAM,2023,Liquid Retina XDR Display,3024 X 1964,"14.2""",1 TB SSD,,1080p FaceTime HD Camera,1.55 kg ( 3.42 lb ),https://www.jarir.com/sa-en/apple-i-laptops-626814.html,High Fidelity Six-speakers,"Retina XDR Display, Touch ID"
Laptop (with Sleeve Case & Stylus),Asus,Zenbook DUO,630076,21%,8499,6699,Intel AI Boost,AI Enabled,Inkwell Grey,2.3 GHz,Intel Core Ultra 9,Intel Arc Graphics,Windows 11 (with Windows 11 Copilot),32 GB RAM,2024,3K OLED 120 Hz Dual Screen,2880 X 1800 (OLED),"14""",2 TB M.2 PCIe NVMe 4.0 SSD,Yes,FHD IR Camera,1.65 kg ( 3.64 lb ),https://www.jarir.com/sa-en/asus-laptops-630076.html,"Harman Kardon(Premium)/Smart Amp Technology, Built-in Speaker and Microphone","Dual Screen, Soft Keyboard, 0.2 ms Response Time"
Laptop,Apple,MacBook Pro,626812,24%,6999,5299,16-core Neural Engine,Apple Intelligence,Space Grey,,M3,10-core GPU,macOS Sonoma,8 GB RAM,2023,Liquid Retina XDR Display,3024 X 1964,"14.2""",512 GB SSD,,1080p FaceTime HD Camera,1.55 kg ( 3.42 lb ),https://www.jarir.com/sa-en/apple-laptops-626812.html,High Fidelity Six-speakers,"Retina XDR Display, Touch ID"
Laptop,Apple,MacBook Pro,626813,28%,7499,5399,16-core Neural Engine,Apple Intelligence,Silver,,M3,10-core GPU,macOS Sonoma,8 GB RAM,2023,Liquid Retina XDR Display,3024 X 1964,"14.2""",512 GB SSD,,1080p FaceTime HD Camera,1.55 kg ( 3.42 lb ),https://www.jarir.com/sa-en/apple-laptops-626813.html,High Fidelity Six-speakers,"Retina XDR Display, Touch ID"
Laptop,Huawei,MateBook D,633445,45%,3499,1899,,,Mystic Silver,1.7 GHz,Intel Core i5,Intel Iris Xe Graphics,Windows 11,8 GB RAM,2023,FHD-IPS Anti-glare,1920 X 1080 (FHD),"14""",512 GB PCIe NVMe M.2 SSD,,HD (1 MP) Webcam,1.39 kg ( 3.06 lb ),https://www.jarir.com/sa-en/huawei-laptops-633445.html,2 X 2W Speakers,"WiFi 6, Huawei Share, Eye Comfort Mode"
Laptop,Lenovo,Yoga Pro 7,630836,17%,7999,6599,Intel AI Boost,AI Enabled,Luna Grey,P-core: 2.3 - 5.1 GHz/E-core: 1.8 - 3.8 GHz,Intel Core Ultra 9,NVIDIA GeForce RTX 4060 (8 GB),Windows 11 Home,32 GB RAM,2024,3K IPS 400N 120 Hz Display,3072 X 1920,"14.5""",1 TB PCIe NVMe M.2 SSD,Yes,FHD 1080p with E-shutter,1.59 kg ( 3.51 lb ),https://www.jarir.com/sa-en/lenovo-yoga-pro-7-laptops-630836.html,"4 Speakers, Dolby Atmos Audio",
Laptop,Apple,MacBook Air,632673,20%,5299,4199,16-core Neural Engine,Apple Intelligence,Starlight,,M3,10-core GPU,macOS Sonoma,8 GB RAM,2024,Liquid Retina Display,2880 X 1864,"15.3""",256 GB SSD,,1080p FaceTime HD Camera,1.51 kg ( 3.33 lb ),https://www.jarir.com/sa-en/apple-macbook-air-15-m3-laptops-632673.html,Built-in Mic/Speakers,
Laptop,Apple,MacBook Air,632645,16%,4999,4199,16-core Neural Engine,Apple Intelligence,Space Grey,,M3,10-core GPU,macOS Sonoma,8 GB RAM,2024,Liquid Retina Display,2880 X 1864,"15.3""",256 GB SSD,,1080p FaceTime HD Camera,1.51 kg ( 3.33 lb ),https://www.jarir.com/sa-en/apple-macbook-air-15-m3-laptops-632645.html,Built-in Mic/Speakers,
Laptop,Apple,MacBook Air,619140,20%,4799,3799,16-core Neural Engine,Apple Intelligence,Starlight,,M2,10-core GPU,macOS Ventura,8 GB RAM,2023,Liquid Retina Display,2880 X 1864,"15.3""",256 GB SSD,,1080p FaceTime HD Camera,1.51 kg ( 3.33 lb ),https://www.jarir.com/sa-en/apple-macbook-air-15-m2-laptops-619140.html,Six-speaker Sound System,
Laptop,Apple,MacBook Air,589224,17%,3999,3299,16-core Neural Engine,Apple Intelligence,Midnight,,M2,8-core GPU,macOS Monterey,8 GB RAM,2022,Retina Display,2560 X 1664,"13.6""",256 GB SSD,,1080p FaceTime HD Camera,1.24 kg ( 2.73 lb ),https://www.jarir.com/sa-en/apple-laptops-589224.html,Built-in Mic/Speakers,
Laptop,Apple,MacBook Air,632678,16%,4999,4199,16-core Neural Engine,Apple Intelligence,Midnight,,M3,10-core GPU,macOS Sonoma,8 GB RAM,2024,Liquid Retina Display,2880 X 1864,"15.3""",256 GB SSD,,1080p FaceTime HD Camera,1.51 kg ( 3.33 lb ),https://www.jarir.com/sa-en/apple-macbook-air-15-m3-laptops-632678.html,Built-in Mic/Speakers,
Laptop,Apple,MacBook Air,632658,14%,4999,4299,16-core Neural Engine,Apple Intelligence,Midnight,,M3,10-core GPU,macOS Sonoma,8 GB RAM,2024,Liquid Retina Display,2560 X 1664,"13.6""",512 GB SSD,,1080p FaceTime HD Camera,1.24 kg ( 2.73 lb ),https://www.jarir.com/sa-en/apple-macbook-air-13-m3-laptops-632658.html,Built-in Mic/Speakers,
Laptop,Apple,MacBook Air,589181,17%,3999,3299,16-core Neural Engine,Apple Intelligence,Starlight,,M2,8-core GPU,macOS Monterey,8 GB RAM,2022,Retina Display,2560 X 1664,"13.6""",256 GB SSD,,1080p FaceTime HD Camera,1.24 kg ( 2.73 lb ),https://www.jarir.com/sa-en/apple-laptops-589181.html,Built-in Mic/Speakers,
Laptop,Apple,MacBook Air,589170,17%,3999,3299,16-core Neural Engine,Apple Intelligence,Space Grey,,M2,8-core GPU,macOS Monterey,8 GB RAM,2022,Retina Display,2560 X 1664,"13.6""",256 GB SSD,,1080p FaceTime HD Camera,1.24 kg ( 2.73 lb ),https://www.jarir.com/sa-en/apple-laptops-589170.html,Built-in Mic/Speakers,
Laptop,Apple,MacBook Air,632653,14%,4999,4299,16-core Neural Engine,Apple Intelligence,Space Grey,,M3,10-core GPU,macOS Sonoma,8 GB RAM,2024,Liquid Retina Display,2560 X 1664,"13.6""",512 GB SSD,,1080p FaceTime HD Camera,1.24 kg ( 2.73 lb ),https://www.jarir.com/sa-en/apple-macbook-air-13-m3-laptops-632653.html,Built-in Mic/Speakers,
Laptop,Apple,MacBook Air,589225,15%,4299,3649,16-core Neural Engine,Apple Intelligence,Space Grey,,M2,10-core GPU,macOS Monterey,8 GB RAM,2022,Retina Display,2560 X 1664,"13.6""",512 GB SSD,,1080p FaceTime HD Camera,1.24 kg ( 2.73 lb ),https://www.jarir.com/sa-en/apple-laptops-589225.html,Built-in Mic/Speakers,
Laptop,Apple,MacBook Air,589227,15%,4299,3649,16-core Neural Engine,Apple Intelligence,Midnight,,M2,10-core GPU,macOS Monterey,8 GB RAM,2022,Liquid Retina Display,2560 X 1664,"13.6""",512 GB SSD,,1080p FaceTime HD Camera,1.24 kg ( 2.73 lb ),https://www.jarir.com/sa-en/apple-laptops-589227.html,Built-in Mic/Speakers,
Laptop,HP,EliteBook 840,619497,8%,6999,6399,,,Aluminum Silver,1.4 GHz,Intel Core i7,Intel Iris Xe Graphics,Windows 11 Pro,32 GB RAM,2023,WUXGA Anti-glare 400N,1920 X 1200 (WUXGA),"14""",1 TB M.2 NVMe PCIe 4.0 SSD,,5 MP Privacy Camera,1.36 kg ( 3.00 lb ),https://www.jarir.com/sa-en/hp-840-g10-laptops-619497.html,"Bang & Olufsen with Dual Speakers/Array Mic, Audio Combo Port",
Laptop,Lenovo,IdeaPad Slim 3,627983,18%,3299,2699,,,Arctic Grey,P-core: 2.4 - 4.9 GHz/E-core: 1.8 - 3.6 GHz,Intel Core i7,Intel UHD Graphics,Windows 11 Home,16 GB RAM,2023,FHD IPS AG 300N,1920 X 1080 (FHD),"15.6""",1 TB PCIe NVMe M.2 SSD,,FHD 1080p with Privacy Shutter,1.62 kg ( 3.57 lb ),https://www.jarir.com/sa-en/lenovo-ideapad-slim-3-laptops-627983.html,"Dolby Audio, Stereo Speakers (2 X 1.5 W)","High Definition Audio, Low Blue Light"
Laptop,Lenovo,IdeaPad Slim 5,657126,15%,3999,3399,,,Luna Grey,P-core: 2.4 - 4.9 GHz/E-core: 1.8 - 3.6 GHz,Intel Core i7,Intel UHD Graphics,Windows 11 Home,24 GB RAM,2025,WUXGA-OLED 400N,1920 X 1200,"14""",1 TB SSD,,FHD 1080p + IR with Privacy Shutter,1.48 kg ( 3.26 lb ),https://www.jarir.com/sa-en/lenovo-laptops-657126.html,"Stereo Speakers, 2 X 2W, Optimized with Dolby Audio",
Laptop,Apple,MacBook Air,589226,15%,4299,3649,16-core Neural Engine,Apple Intelligence,Starlight,,M2,10-core GPU,macOS Monterey,8 GB RAM,2022,Retina Display,2560 X 1664,"13.6""",512 GB SSD,,1080p FaceTime HD Camera,1.24 kg ( 2.73 lb ),https://www.jarir.com/sa-en/apple-laptops-589226.html,Built-in Mic/Speakers,
Laptop,Lenovo,IdeaPad Slim 3,653502,18%,3299,2699,,,Luna Grey,P-core: 2.4 - 4.9 GHz/E-core: 1.8 - 3.6 GHz,Intel Core i7,Intel UHD Graphics,Windows 11 Home,16 GB RAM,2025,WUXGA IPS Anti-glare 300N Display,1920 X 1200 (WUXGA),"15.3""",1 TB SSD,,720p HD Camera with Privacy Shutter,1.59 kg ( 3.51 lb ),https://www.jarir.com/sa-en/lenovo-ideapad-slim-3-laptops-653502.html,"Dolby Audio, Stereo Speakers (2 X 2 W)",
Laptop,Apple,MacBook Air,632659,10%,5299,4749,16-core Neural Engine,Apple Intelligence,Space Grey,,M3,10-core GPU,macOS Sonoma,16 GB RAM,2024,Liquid Retina Display,2560 X 1664,"13.6""",512 GB SSD,,1080p FaceTime HD Camera,1.24 kg ( 2.73 lb ),https://www.jarir.com/sa-en/apple-macbook-air-13-m3-laptops-632659.html,Built-in Mic/Speakers,
Laptop,Apple,MacBook Air,632651,9%,4199,3799,16-core Neural Engine,Apple Intelligence,Midnight,,M3,8-core GPU,macOS Sonoma,8 GB RAM,2024,Liquid Retina Display,2560 X 1664,"13.6""",256 GB SSD,,1080p FaceTime HD Camera,1.24 kg ( 2.73 lb ),https://www.jarir.com/sa-en/apple-macbook-air-13-m3-laptops-632651.html,Built-in Mic/Speakers,
Laptop,Apple,MacBook Air,632633,9%,4199,3799,16-core Neural Engine,Apple Intelligence,Space Grey,,M3,8-core GPU,macOS Sonoma,8 GB RAM,2024,Liquid Retina Display,2560 X 1664,"13.6""",256 GB SSD,,1080p FaceTime HD Camera,1.24 kg ( 2.73 lb ),https://www.jarir.com/sa-en/apple-macbook-air-13-m3-laptops-632633.html,Built-in Mic/Speakers,
Laptop,Apple,MacBook Air,632649,9%,4199,3799,16-core Neural Engine,Apple Intelligence,Starlight,,M3,8-core GPU,macOS Sonoma,8 GB RAM,2024,Liquid Retina Display,2560 X 1664,"13.6""",256 GB SSD,,1080p FaceTime HD Camera,1.24 kg ( 2.73 lb ),https://www.jarir.com/sa-en/apple-macbook-air-13-m3-laptops-632649.html,Built-in Mic/Speakers,
Laptop,Apple,MacBook Air,632648,9%,4199,3799,16-core Neural Engine,Apple Intelligence,Silver,,M3,8-core GPU,macOS Sonoma,8 GB RAM,2024,Liquid Retina Display,2560 X 1664,"13.6""",256 GB SSD,,1080p FaceTime HD Camera,1.24 kg ( 2.73 lb ),https://www.jarir.com/sa-en/apple-macbook-air-13-m3-laptops-632648.html,Built-in Mic/Speakers,
Laptop,Lenovo,IdeaPad Slim 3,623278,14%,2699,2299,,,Arctic Grey,P-core: 2.0 - 4.4 GHz/E-core: 1.5 - 3.3 GHz,Intel Core i5,Intel UHD Graphics,Windows 11 Home,16 GB RAM,2023,FHD IPS AG 300N,1920 X 1080 (FHD),"15.6""",1 TB PCIe NVMe M.2 SSD,,720p HD Camera with Privacy Shutter,1.62 kg ( 3.57 lb ),https://www.jarir.com/sa-en/lenovo-ideapad-slim-3-laptops-623278.html,"Dolby Audio, Stereo Speakers (2 X 1.5 W)",
Laptop,Acer,Aspire Lite,641137,13%,2299,1999,,,Silver,1.3 GHz,Intel Core i5,Intel UHD Graphics,Windows 11,16 GB RAM,2024,UHD-LED IPS Display,1920 X 1200,"16""",512 GB SSD,,FHD (2 MP) Webcam,1.60 kg ( 3.53 lb ),https://www.jarir.com/sa-en/acer-aspire-lite-laptops-641137.html,Built-in Mic/Speakers,
Laptop,Huawei,MateBook D,632176,3%,3199,3099,,,Mystic Silver,P-core: 2.0 - 4.4 GHz/E-core: 1.5 - 3.3 GHz,Intel Core i5,Intel UHD Graphics,Windows 11 Home,16 GB RAM,2024,FHD IPS AG 300N,1920 X 1200 (WUXGA),"16""",512 GB PCIe NVMe M.2 SSD,,720p HD Camera,1.70 kg ( 3.75 lb ),https://www.jarir.com/sa-en/huawei-laptops-632176.html,2 X 2W Speakers,
Gaming Laptop,HP,Victus,659853,,6999,,,,Mica Silver,up to 4.9 GHz,Intel Core i7,NVIDIA GeForce RTX 5060Â (8 GB),Windows 11 Home,24 GB RAM,2025,FHD IPS AG 300N,1920 X 1080 (FHD),"15.6""",1 TB PCIe Gen4,,720p HD Camera,0.01,https://www.jarir.com/sa-en/hp-laptops-659853.html,,
Laptop,Lenovo,ThinkBook 16p,653460,,8999,,,,Storm Grey,P-core: 2.2 - 5.2 GHz/E-core: 1.6 - 3.7 GHz,Intel Core i7,NVIDIA GeForce RTX 4060 (8 GB),Windows 11 Pro,32 GB RAM,2024,WQXGA IPS AG 400N 60 Hz Display,2560 X 1600 (WQXGA),"16""",1 TB SSD,,FHD 1080p + IR Hybrid with Privacy Shutter,2.20 kg ( 4.85 lb ),https://www.jarir.com/sa-en/lenovo-thinkbook-16p-laptops-653460.html,"Stereo Speakers, 2 X 2W (Woofers)/2 X 2W (Tweeters), Dolby Atmos, Harman/Kardon",
Laptop,Lenovo,ThinkBook 14,653403,,4799,,Intel AI Boost,AI Enabled,Arctic Grey,P-core: 1.4 - 4.8 GHz/E-core: 0.9 - 3.8 GHz,Intel Core Ultra 7,Intel Arc Graphics,Windows 11 Pro,32 GB RAM,2024,WUXGA IPS AG Display,1920 X 1200 (WUXGA),"14""",1 TB SSD,,FHD 1080p with Privacy Shutter,1.38 kg ( 3.04 lb ),https://www.jarir.com/sa-en/lenovo-thinkbook-14-laptops-653403.html,"Dolby Audio, Stereo Speakers (2 X 2W)",
Laptop,Apple,MacBook Pro,641443,42%,11499,6599,,,Space Black,,M3 Pro,18-core GPU,macOS Sonoma,18 GB RAM,2023,Liquid Retina XDR Display,3024 X 1964,"16""",512 GB SSD,,1080p FaceTime HD Camera,2.14 kg ( 4.72 lb ),https://www.jarir.com/sa-en/apple-macbook-pro-16-m3-pro-renewed-laptops-641443.html,High Fidelity Six-speakers,
Laptop,Apple,MacBook Pro,646487,,7499,,16-core Neural Engine,Apple Intelligence,Silver,,M4,10-core GPU,macOS Sequoia,16 GB RAM,2024,Liquid Retina XDR Display,3024 X 1964,"14.2""",512 GB SSD,,12 MP Center Stage Camera,1.55 kg ( 3.42 lb ),https://www.jarir.com/sa-en/apple-macbook-pro-14-m4-laptops-646487.html,High Fidelity Six-speakers,"Retina XDR Display, Touch ID"
Laptop,Apple,MacBook Air 13 M1,571709,58%,5499,2299,,,Space Grey,,M1,8-core GPU,macOS Big Sur,8 GB RAM,2020,Retina Display,2560 X 1600 (WQXGA),"13.3""",512 MB,,720p FaceTime HD Camera,1.29 kg ( 2.84 lb ),https://www.jarir.com/sa-en/apple-macbook-air-13-m1-renewed-laptops-571709.html,Built-in Mic/Speakers,
Laptop,Apple,MacBook Pro,643150,44%,11799,6499,,,Silver,,M2 Pro,19-core GPU,macOS Ventura,16 GB RAM,2023,Liquid Retina XDR Display,3024 X 1964,"14.2""",1 TB SSD,,1080p FaceTime HD Camera,1.60 kg ( 3.53 lb ),https://www.jarir.com/sa-en/apple-macbook-pro-14-m2-pro-renewed-laptops-643150.html,High Fidelity Six-speakers,
Laptop,Apple,MacBook Pro,637575,48%,7499,3899,,,Silver,,M3,10-core GPU,macOS Sonoma,8 GB RAM,2023,Liquid Retina XDR Display,3024 X 1964,"14.2""",512 GB SSD,,1080p FaceTime HD Camera,0.01,https://www.jarir.com/sa-en/apple-macbook-pro-14-m3-renewed-laptops-637575.html,High Fidelity Six-speakers,
Laptop,Apple,MacBook Air 15 M2,634931,48%,6799,3499,,,Midnight,,M2,10-core GPU,macOS Ventura,8 GB RAM,2023,Liquid Retina Display,2880 X 1864,"15.3""",512 GB SSD,,1080p FaceTime HD Camera,1.51 kg ( 3.33 lb ),https://www.jarir.com/sa-en/apple-macbook-air-15-m2-renewed-laptops-634931.html,Six-speaker Sound System,
Laptop,Apple,MacBook Pro,620812,42%,9499,5499,,,Space Grey,,M1 Pro,14-core GPU,macOS Monterey,16 GB RAM,2021,Liquid Retina XDR Display,3024 X 1964,"14.2""",512 MB,,1080p FaceTime HD Camera,1.60 kg ( 3.53 lb ),https://www.jarir.com/sa-en/apple-macbook-pro-14-m1-renewed-laptops-620812.html,"High Fidelity Six-speaker, Studio-quality Three-mic",
Laptop,Apple,MacBook Pro 13,632760,44%,6699,3699,,,Silver,,M1,8-core GPU,macOS Big Sur,8 GB RAM,2020,Retina Display,2560 X 1600 (WQXGA),"13.3""",512 MB,,720p FaceTime HD Camera,1.40 kg ( 3.09 lb ),https://www.jarir.com/sa-en/apple-macbook-pro-13-renewed-laptops-632760.html,Built-in Mic/Speakers,
Laptop,Apple,MacBook Pro 13 M2,619796,43%,6949,3899,,,Space Grey,,M2,10-core GPU,macOS Monterey,8 GB RAM,2022,Retina Display,2560 X 1600 (WQXGA),"13.3""",512 MB,,720p FaceTime HD Camera,1.41 kg ( 3.11 lb ),https://www.jarir.com/sa-en/apple-macbook-pro-13-m2-renewed-laptops-619796.html,Built-in Mic/Speakers,
Laptop,Apple,MacBook Pro,635306,44%,6999,3899,,,Space Grey,,M3,10-core GPU,macOS Sonoma,8 GB RAM,2023,Liquid Retina XDR Display,3024 X 1964,"14.2""",512 GB SSD,,1080p FaceTime HD Camera,1.55 kg ( 3.42 lb ),https://www.jarir.com/sa-en/apple-macbook-pro-14-m3-renewed-laptops-635306.html,High Fidelity Six-speakers,
Laptop,Apple,MacBook Air,592236,61%,4699,1799,,,Space Grey,,M1,7-core GPU,macOS Big Sur,8 GB RAM,2020,Retina Display,2560 X 1600 (WQXGA),"13.3""",256 GB SSD,,720p FaceTime HD Camera,1.29 kg ( 2.84 lb ),https://www.jarir.com/sa-en/apple-macbook-air-13-m1-renewed-laptops-592236.html,Built-in Mic/Speakers,
Laptop,Apple,MacBook Pro 13 M1,584839,44%,6699,3699,,,Space Grey,,M1,8-core GPU,macOS Big Sur,8 GB RAM,2020,Retina Display,2560 X 1600 (WQXGA),"13.3""",512 MB,,720p FaceTime HD Camera,1.40 kg ( 3.09 lb ),https://www.jarir.com/sa-en/apple-renewed-laptops-584839.html,Built-in Mic/Speakers,
Laptop,Huawei,MateBook X Pro,643567,34%,8499,5599,,,Morandi Blue,P-core: 2.3 - 5.1 GHz/E-core: 1.8 - 3.8 GHz,Intel Core i7,Intel Arc Graphics,Windows 11 Home,32 GB RAM,2024,3K OLED Display,3120 X 2080,"14.2""",2 TB PCIe NVMe M.2 SSD,Yes,1080p HD Camera,980.00 g ( 2.16 lb ),https://www.jarir.com/sa-en/huawei-matebook-x-pro-renewed-laptops-643567.html,"6 Speakers, 4 Microphone",
Laptop,Apple,MacBook Pro 13 M2,657119,40%,6569,3899,,,Silver,,M2,10-core GPU,macOS Monterey,8 GB RAM,2022,Retina Display,2560 X 1600 (WQXGA),"13.3""",512 MB,,720p FaceTime HD Camera,1.38 kg ( 3.04 lb ),https://www.jarir.com/sa-en/apple-macbook-pro-13-m2-renewed-laptops-657119.html,Built-in Mic/Speakers,
Laptop,Apple,MacBook Pro 13,656911,43%,5699,3199,,,Silver,,M1,8-core GPU,macOS Big Sur,8 GB RAM,2020,Retina Display,2560 X 1600 (WQXGA),"13.3""",256 GB SSD,,720p FaceTime HD Camera,1.40 kg ( 3.09 lb ),https://www.jarir.com/sa-en/apple-macbook-pro-13-renewed-laptops-656911.html,Built-in Mic/Speakers,
Laptop,Apple,MacBook Air,634924,41%,6799,3999,,,Starlight,,M2,10-core GPU,macOS Ventura,8 GB RAM,2023,Liquid Retina Display,2880 X 1864,"15.3""",512 GB SSD,,1080p FaceTime HD Camera,1.51 kg ( 3.33 lb ),https://www.jarir.com/sa-en/apple-macbook-air-15-m2-renewed-laptops-634924.html,Six-speaker Sound System,
Laptop,Apple,MacBook Air,661263,33%,5299,3499,16-core Neural Engine,Apple Intelligence,Starlight,,M3,10-core GPU,macOS Sequoia,16 GB RAM,2024,Liquid Retina Display,2880 X 1864,"15.3""",256 GB SSD,,1080p FaceTime HD Camera,1.51 kg ( 3.33 lb ),https://www.jarir.com/sa-en/apple-macbook-air-renewed-laptops-661263.html,Built-in Mic/Speakers,
Laptop,Apple,MacBook Air,639788,37%,5299,3299,,,Starlight,,M3,10-core GPU,macOS Sonoma,8 GB RAM,2024,Liquid Retina Display,2880 X 1864,"15.3""",256 GB SSD,,1080p FaceTime HD Camera,1.51 kg ( 3.33 lb ),https://www.jarir.com/sa-en/apple-renewed-laptops-639788.html,Built-in Mic/Speakers,
Laptop,Apple,MacBook Air,661264,37%,5299,3299,16-core Neural Engine,Apple Intelligence,Starlight,,M3,10-core GPU,macOS Sequoia,16 GB RAM,2024,Liquid Retina Display,2880 X 1864,"15.3""",256 GB SSD,,1080p FaceTime HD Camera,1.51 kg ( 3.33 lb ),https://www.jarir.com/sa-en/apple-macbook-air-renewed-laptops-661264.html,Built-in Mic/Speakers,
Laptop,Apple,MacBook Pro,635267,34%,6999,4599,,,Space Grey,,M3,10-core GPU,macOS Sonoma,8 GB RAM,2023,Liquid Retina XDR Display,3024 X 1964,"14.2""",512 GB SSD,,1080p FaceTime HD Camera,1.55 kg ( 3.42 lb ),https://www.jarir.com/sa-en/apple-macbook-pro-14-m3-renewed-laptops-635267.html,High Fidelity Six-speakers,
Laptop,Apple,MacBook Air,648348,30%,5499,3799,,,Midnight,,M3,10-core GPU,macOS Sonoma,8 GB RAM,2024,Liquid Retina Display,2880 X 1864,"15.3""",512 GB SSD,,1080p FaceTime HD Camera,1.51 kg ( 3.33 lb ),https://www.jarir.com/sa-en/apple-macbook-air-15-m3-renewed-laptops-648348.html,Built-in Mic/Speakers,
Laptop,Apple,MacBook Air,627626,42%,3999,2299,,,Midnight,,M2,8-core GPU,macOS Monterey,8 GB RAM,2022,Retina Display,2560 X 1664,"13.6""",256 GB SSD,,1080p FaceTime HD Camera,1.24 kg ( 2.73 lb ),https://www.jarir.com/sa-en/apple-macbook-air-13-m2-renewed-laptops-627626.html,Built-in Mic/Speakers,
Laptop,Apple,MacBook Air,652531,34%,4999,3299,,,Silver,,M3,10-core GPU,macOS Sonoma,8 GB RAM,2024,Liquid Retina Display,2880 X 1864,"15.3""",256 GB SSD,,1080p FaceTime HD Camera,1.51 kg ( 3.33 lb ),https://www.jarir.com/sa-en/apple-macbook-air-15-m3-renewed-laptops-652531.html,Built-in Mic/Speakers,
Laptop,Apple,MacBook Air,645157,34%,4999,3299,,,Space Grey,,M3,10-core GPU,macOS Sonoma,8 GB RAM,2024,Liquid Retina Display,2880 X 1864,"15.3""",256 GB SSD,,1080p FaceTime HD Camera,1.51 kg ( 3.33 lb ),https://www.jarir.com/sa-en/apple-macbook-air-15-m3-renewed-laptops-645157.html,Built-in Mic/Speakers,
Laptop,Apple,MacBook Air,656232,34%,4999,3299,,,Midnight,,M3,10-core GPU,macOS Sonoma,8 GB RAM,2024,Liquid Retina Display,2560 X 1664,"13.6""",512 GB SSD,,1080p FaceTime HD Camera,1.24 kg ( 2.73 lb ),https://www.jarir.com/sa-en/apple-macbook-air-renewed-laptops-656232.html,Built-in Mic/Speakers,
Laptop,Apple,MacBook Air,661262,34%,4299,2799,16-core Neural Engine,Apple Intelligence,Starlight,,M3,8-core GPU,macOS Sequoia,16 GB RAM,2024,Liquid Retina Display,2560 X 1664,"13.6""",256 GB SSD,,1080p FaceTime HD Camera,1.24 kg ( 2.73 lb ),https://www.jarir.com/sa-en/apple-macbook-air-renewed-laptops-661262.html,Built-in Mic/Speakers,
Laptop,Apple,MacBook Air,661257,25%,4299,3199,16-core Neural Engine,Apple Intelligence,Midnight,,M3,8-core GPU,macOS Sequoia,16 GB RAM,2024,Liquid Retina Display,2560 X 1664,"13.6""",256 GB SSD,,1080p FaceTime HD Camera,1.24 kg ( 2.73 lb ),https://www.jarir.com/sa-en/apple-macbook-air-renewed-laptops-661257.html,Built-in Mic/Speakers,
Laptop,Apple,MacBook Air,661258,34%,4299,2799,16-core Neural Engine,Apple Intelligence,Midnight,,M3,8-core GPU,macOS Sequoia,16 GB RAM,2024,Liquid Retina Display,2560 X 1664,"13.6""",256 GB SSD,,1080p FaceTime HD Camera,1.24 kg ( 2.73 lb ),https://www.jarir.com/sa-en/apple-macbook-air-renewed-laptops-661258.html,Built-in Mic/Speakers,
Laptop,Apple,MacBook Air,661261,25%,4299,3199,16-core Neural Engine,Apple Intelligence,Starlight,,M3,8-core GPU,macOS Sequoia,16 GB RAM,2024,Liquid Retina Display,2560 X 1664,"13.6""",256 GB SSD,,1080p FaceTime HD Camera,1.24 kg ( 2.73 lb ),https://www.jarir.com/sa-en/apple-macbook-air-renewed-laptops-661261.html,Built-in Mic/Speakers,
Laptop,Apple,MacBook Pro,661259,14%,7499,6399,16-core Neural Engine,Apple Intelligence,Space Black,,M4,10-core GPU,macOS Sequoia,16 GB RAM,2024,Liquid Retina XDR Display,3024 X 1964,"14.2""",512 GB SSD,,12 MP Center Stage Camera,1.55 kg ( 3.42 lb ),https://www.jarir.com/sa-en/apple-macbook-pro-renewed-laptops-661259.html,High Fidelity Six-speakers,"Retina XDR Display, Touch ID"
Laptop,Apple,MacBook Pro 14 M1,641438,49%,11799,5999,,,Silver,,M1 Pro,16-core GPU,macOS Monterey,16 GB RAM,2021,Liquid Retina XDR Display,3024 X 1964,"14.2""",1 TB SSD,,1080p FaceTime HD Camera,1.66 kg ( 3.66 lb ),https://www.jarir.com/sa-en/apple-macbook-pro-14-m1-renewed-laptops-641438.html,"High Fidelity Six-speaker, Studio-quality Three-mic",
Laptop,Apple,MacBook Pro 16 M1,603501,53%,11799,5499,,,Space Grey,,M1 Pro,16-core GPU,macOS Monterey,16 GB RAM,2021,Liquid Retina XDR Display,3456 X 2234,"16.2""",512 MB,,1080p FaceTime HD Camera,2.10 kg ( 4.63 lb ),https://www.jarir.com/sa-en/apple-macbook-pro-16-m1-renewed-laptops-603501.html,"High Fidelity Six-speaker, Studio-quality Three-mic",
Laptop,Apple,MacBook Pro 14 M2 Max,652522,38%,14699,8999,,,Space Grey,,M2 Max,30-core GPU,macOS Ventura,32 GB RAM,2023,Liquid Retina XDR Display,3024 X 1964,"14.2""",1 TB SSD,,1080p FaceTime HD Camera,1.63 kg ( 3.59 lb ),https://www.jarir.com/sa-en/apple-macbook-pro-14-m2-max-renewed-laptops-652522.html,High Fidelity Six-speakers,
Laptop,Apple,MacBook Pro,641449,38%,11799,7299,,,Space Grey,,M1 Pro,16-core GPU,macOS Monterey,16 GB RAM,2021,Liquid Retina XDR Display,3024 X 1964,"14.2""",1 TB SSD,,1080p FaceTime HD Camera,1.60 kg ( 3.53 lb ),https://www.jarir.com/sa-en/apple-macbook-pro-14-m1-renewed-laptops-641449.html,"High Fidelity Six-speaker, Studio-quality Three-mic",
Laptop,Apple,MacBook Pro,641380,35%,11499,7399,,,Space Black,,M3 Pro,18-core GPU,macOS Sonoma,18 GB RAM,2023,Liquid Retina XDR Display,3024 X 1964,"16""",512 GB SSD,,1080p FaceTime HD Camera,2.14 kg ( 4.72 lb ),https://www.jarir.com/sa-en/apple-macbook-pro-16-m3-pro-renewed-laptops-641380.html,High Fidelity Six-speakers,
Laptop,Apple,MacBook Air 15 M2,634802,42%,6799,3899,,,Midnight,,M2,10-core GPU,macOS Ventura,8 GB RAM,2023,Liquid Retina Display,2880 X 1864,"15.3""",512 GB SSD,,1080p FaceTime HD Camera,1.51 kg ( 3.33 lb ),https://www.jarir.com/sa-en/apple-macbook-air-15-m2-renewed-laptops-634802.html,Six-speaker Sound System,
Laptop,Apple,MacBook Air 15 M2,634801,42%,6799,3899,,,Starlight,,M2,10-core GPU,macOS Ventura,8 GB RAM,2023,Liquid Retina Display,2880 X 1864,"15.3""",512 GB SSD,,1080p FaceTime HD Camera,1.51 kg ( 3.33 lb ),https://www.jarir.com/sa-en/apple-macbook-air-15-m2-renewed-laptops-634801.html,Six-speaker Sound System,
Laptop,Apple,MacBook Pro,635302,40%,9499,5699,,,Space Black,,M3 Pro,14-core GPU,macOS Sonoma,18 GB RAM,2023,Liquid Retina XDR Display,3024 X 1964,"14.2""",512 GB SSD,,1080p FaceTime HD Camera,1.61 kg ( 3.55 lb ),https://www.jarir.com/sa-en/apple-macbook-pro-14-m3-pro-renewed-laptops-635302.html,High Fidelity Six-speakers,
Laptop,Apple,MacBook Pro,637423,38%,7499,4599,,,Silver,,M3,10-core GPU,macOS Sonoma,8 GB RAM,2023,Liquid Retina XDR Display,3024 X 1964,"14.2""",512 GB SSD,,1080p FaceTime HD Camera,0.01,https://www.jarir.com/sa-en/apple-macbook-pro-14-m3-renewed-laptops-637423.html,High Fidelity Six-speakers,
Laptop,HP,EliteBook 840,661256,40%,6999,4199,Intel AI Boost,AI Enabled,Silver,3.8 GHz,Intel Core Ultra 7,Intel Arc Graphics,Windows 11 Pro,32 GB RAM,2024,WUXGA IPS AG Display,1920 X 1200 (WUXGA),"14""",1 TB NVMe PCIe Gen 4Ã4 SSD,,5 MP Webcam IR Camera,1.41 kg ( 3.11 lb ),https://www.jarir.com/sa-en/hp-elitebook-840-renewed-laptops-661256.html,Built-in Dual Speakers,"Commercial Device, Ultra Processor, Windows Professional"
Laptop,HP,Pavilion Plus,656207,34%,5499,3599,,,Natural Silver,P-core: 1.7 - 5.0 GHz/E-core: 1.2 - 3.7 GHz,Intel Core i7,NVIDIA GeForce RTX 2050 (4 GB),Windows 11,16 GB RAM,2022,2.8K OLED 400N Display,2880 X 1800 (OLED),"14""",1 TB PCIe NVMe M.2 SSD,,True Vision FHD Webcam,1.41 kg ( 3.11 lb ),https://www.jarir.com/sa-en/hp-pavilion-plus-renewed-laptops-656207.html,"Bang & Olufsen Dual Speakers, HP Audio Boost",
Laptop,Apple,MacBook Air 13,562812,45%,6099,3299,,,Gold,1.1 GHz,Intel Core i5,Intel Iris Plus Graphics,macOS Catalina,8 GB RAM,2020,Retina IPS-LED Display,2560 X 1600 (WQXGA),"13.3""",512 GB NVMe M.2 SSD,,720p FaceTime HD Camera,1.29 kg ( 2.84 lb ),https://www.jarir.com/sa-en/apple-macbook-air-13-renewed-laptops-562812.html,"Stereo Speakers, Three Microphones",
Laptop,Apple,MacBook Air,554804,48%,4699,2399,,,Space Grey,1.1 GHz,Intel Core i3,Intel Iris Plus Graphics,macOS Catalina,8 GB RAM,2020,Retina IPS-LED Display,2560 X 1600 (WQXGA),"13.3""",256 GB (PCIe SSD),,720p FaceTime HD Camera,1.29 kg ( 2.84 lb ),https://www.jarir.com/sa-en/apple-macbook-air-renewed-laptops-554804.html,"Stereo Speakers, Three Microphones",
Laptop,Apple,MacBook Air,579943,57%,4699,1999,,,Gold,,M1,7-core GPU,macOS Big Sur,8 GB RAM,2020,Retina Display,2560 X 1600 (WQXGA),"13.3""",256 GB SSD,,720p FaceTime HD Camera,1.29 kg ( 2.84 lb ),https://www.jarir.com/sa-en/apple-macbook-air-13-m1-renewed-laptops-579943.html,Built-in Mic/Speakers,
Laptop,Apple,MacBook Air,584836,34%,5499,3599,,,Gold,,M1,8-core GPU,macOS Big Sur,8 GB RAM,2020,Retina Display,2560 X 1600 (WQXGA),"13.3""",512 MB,,720p FaceTime HD Camera,1.29 kg ( 2.84 lb ),https://www.jarir.com/sa-en/apple-renewed-laptops-584836.html,Built-in Mic/Speakers,
Laptop,Apple,MacBook Air,641883,34%,4999,3299,,,Starlight,,M3,10-core GPU,macOS Sonoma,8 GB RAM,2024,Liquid Retina Display,2560 X 1664,"13.6""",512 GB SSD,,1080p FaceTime HD Camera,1.24 kg ( 2.73 lb ),https://www.jarir.com/sa-en/apple-macbook-air-13-m3-renewed-laptops-641883.html,Built-in Mic/Speakers,
Laptop,Apple,MacBook Air,661338,25%,6199,4599,16-core Neural Engine,Apple Intelligence,Midnight,,M3,10-core GPU,macOS Sequoia,24 GB RAM,2024,Liquid Retina Display,2560 X 1664,"13.6""",512 GB SSD,,1080p FaceTime HD Camera,1.24 kg ( 2.73 lb ),https://www.jarir.com/sa-en/apple-macbook-air-renewed-laptops-661338.html,Built-in Mic/Speakers,
Laptop,HP,Pavilion,656151,37%,4299,2699,,,Natural Silver,P-core: 2.2 - 5.0 GHz/E-core: 1.6 - 3.7 GHz,Intel Core i7,Intel Iris Xe Graphics,Windows 11,16 GB RAM,2023,FHD IPS GL 250N,1920 X 1080 (FHD),"15.6""",1 TB PCIe NVMe M.2 SSD,,Wide Vision HD Webcam,1.70 kg ( 3.75 lb ),https://www.jarir.com/sa-en/hp-pavilion-renewed-laptops-656151.html,"Bang & Olufsen Dual Speakers, HP Audio Boost",
Laptop,Apple,MacBook Air,611969,37%,4299,2699,,,Space Grey,,M2,10-core GPU,macOS Monterey,8 GB RAM,2022,Retina Display,2560 X 1664,"13.6""",512 MB,,1080p FaceTime HD Camera,1.24 kg ( 2.73 lb ),https://www.jarir.com/sa-en/apple-macbook-air-13-m2-renewed-laptops-611969.html,Built-in Mic/Speakers,
Laptop,Apple,MacBook Air,620816,34%,4299,2799,,,Black,,M2,10-core GPU,macOS Monterey,8 GB RAM,2022,Retina Display,2560 X 1664,"13.6""",512 MB,,1080p FaceTime HD Camera,1.24 kg ( 2.73 lb ),https://www.jarir.com/sa-en/apple-macbook-air-13-m2-renewed-laptops-620816.html,Built-in Mic/Speakers,
Laptop,Apple,MacBook Air,656079,26%,4999,3699,,,Midnight,,M3,10-core GPU,macOS Sonoma,8 GB RAM,2024,Liquid Retina Display,2560 X 1664,"13.6""",512 GB SSD,,1080p FaceTime HD Camera,1.24 kg ( 2.73 lb ),https://www.jarir.com/sa-en/apple-macbook-air-renewed-laptops-656079.html,Built-in Mic/Speakers,
Laptop,Apple,MacBook Air,644024,33%,4199,2799,,,Silver,,M3,8-core GPU,macOS Sonoma,8 GB RAM,2024,Liquid Retina Display,2560 X 1664,"13.6""",256 GB SSD,,1080p FaceTime HD Camera,1.24 kg ( 2.73 lb ),https://www.jarir.com/sa-en/apple-macbook-air-13-m3-renewed-laptops-644024.html,Built-in Mic/Speakers,
Laptop,Apple,MacBook Pro,661471,13%,11499,9899,16-core Neural Engine,Apple Intelligence,Silver,,M4 Pro,20-core GPU,macOS Sequoia,24 GB RAM,2024,Liquid Retina XDR Display,3456 X 2234,"16""",512 GB SSD,,12 MP Center Stage Camera,2.14 kg ( 4.72 lb ),https://www.jarir.com/sa-en/apple-macbook-pro-renewed-laptops-661471.html,High Fidelity Six-speakers,"Retina XDR Display, Touch ID"
Laptop,Apple,MacBook Air,627541,30%,3999,2799,,,Midnight,,M2,8-core GPU,macOS Monterey,8 GB RAM,2022,Retina Display,2560 X 1664,"13.6""",256 GB SSD,,1080p FaceTime HD Camera,1.24 kg ( 2.73 lb ),https://www.jarir.com/sa-en/apple-macbook-air-13-m2-renewed-laptops-627541.html,Built-in Mic/Speakers,
Laptop,Apple,MacBook Air,620147,30%,4299,2999,,,Space Grey,,M2,10-core GPU,macOS Monterey,8 GB RAM,2022,Retina Display,2560 X 1664,"13.6""",512 MB,,1080p FaceTime HD Camera,1.24 kg ( 2.73 lb ),https://www.jarir.com/sa-en/apple-macbook-air-13-m2-renewed-laptops-620147.html,Built-in Mic/Speakers,
Laptop,Asus,Vivobook,656227,34%,3499,2299,,,Indie Black,1.7 GHz,Intel Core i7,Intel UHD Graphics,Windows 11,8 GB RAM,2024,WUXGA Anti-glare Display,1920 X 1200 (WUXGA),"16""",512 GB PCIe NVMe M.3 SSD,,720p HD Camera with Privacy Shutter,1.88 kg ( 4.14 lb ),https://www.jarir.com/sa-en/asus-vivobook-renewed-laptops-656227.html,SonicMaster,
Laptop,Apple,MacBook Air,638190,23%,4199,3199,,,Midnight,,M3,8-core GPU,macOS Sonoma,8 GB RAM,2024,Liquid Retina Display,2560 X 1664,"13.6""",256 GB SSD,,1080p FaceTime HD Camera,1.24 kg ( 2.73 lb ),https://www.jarir.com/sa-en/apple-macbook-air-13-m3-renewed-laptops-638190.html,Built-in Mic/Speakers,
Laptop,Apple,MacBook Air,656122,18%,3699,2999,,,Starlight,,M2,8-core GPU,macOS Sequoia,16 GB RAM,2024,Retina Display,2560 X 1664,"13.6""",256 GB SSD,,1080p FaceTime HD Camera,1.24 kg ( 2.73 lb ),https://www.jarir.com/sa-en/apple-macbook-air-renewed-laptops-656122.html,Built-in Mic/Speakers,
