product_type,brand,model,sku,discount_percent,regular_price_sar,sale_price_sar,ai_enabled,color,cpu_clock,os,ram,screen_refresh_rate_hz,screen_size_inch,screen_type,special_features,storage,weight_kg,product_url,sim_slots
Wi-Fi Tablet PC,Apple,iPad Pro 11 M2,598785,20%,8649,6849,Apple Intelligence,Silver,4 Performance Cores/4 Efficiency Cores,iPadOS 16,16 GB RAM,Liquid Retina Display,"11""",2388 X 1668 Pixels,"Face ID, LiDAR Scanner, Accelerometer, Three-axis Gyro, Barometer, Ambient Light",2 TB,466.00 g ( 1.03 lb ),https://www.jarir.com/sa-en/apple-ipad-pro-11-2022-tablet-pc-598785.html,
Tablet - Wi-Fi (with Keyboard),Huawei,MatePad 11.5 PaperMatte,663521,15%,1599,1349,,Violet,,HarmonyOS 4.3,8 GB RAM,120 Hz PaperMatte Touchscreen,"11.5""",2456 X 1600 PixelsÂ ,Huawei App Gallery,256 GB,515.00 g ( 1.14 lb ),https://www.jarir.com/sa-en/huawei-matepad-11-5-papermatte-tablet-pc-663521.html,
Tablet - 5G,Apple,iPad Pro 11 M2,598788,14%,7549,6449,Apple Intelligence,Silver,4 Performance Cores/4 Efficiency Cores,iPadOS 16,16 GB RAM,Liquid Retina Display,"11""",2388 X 1668 Pixels,"Face ID, LiDAR Scanner, Accelerometer, Three-axis Gyro, Barometer, Ambient Light",1 TB,470.00 g ( 1.04 lb ),https://www.jarir.com/sa-en/apple-ipad-pro-11-2022-tablet-pc-598788.html,1 SIM
Wi-Fi Tablet PC,Apple,iPad Pro 11 M2,598781,20%,8649,6849,Apple Intelligence,Space Grey,4 Performance Cores/4 Efficiency Cores,iPadOS 16,16 GB RAM,Liquid Retina Display,"11""",2388 X 1668 Pixels,"Face ID, LiDAR Scanner, Accelerometer, Three-axis Gyro, Barometer, Ambient Light",2 TB,466.00 g ( 1.03 lb ),https://www.jarir.com/sa-en/apple-ipad-pro-11-2022-tablet-pc-598781.html,
Tablet - Wi-Fi (with Keyboard),Huawei,MatePad 11.5 PaperMatte,663517,15%,1599,1349,,Space Grey,,HarmonyOS 4.3,8 GB RAM,120 Hz PaperMatte Touchscreen,"11.5""",2456 X 1600 PixelsÂ ,Huawei App Gallery,256 GB,515.00 g ( 1.14 lb ),https://www.jarir.com/sa-en/huawei-matepad-11-5-papermatte-tablet-pc-663517.html,
Tablet - Wi-Fi (with Huawei M Pencil),Huawei,MatePad PaperMatte,626454,57%,1999,849,,Graphite Black,,HarmonyOS 3.1,8 GB RAM,PaperMatte Touchscreen,"11""",2560 X 1600 Pixels,Huawei App Gallery,128 GB,480.00 g ( 1.06 lb ),https://www.jarir.com/sa-en/huawei-matepad-papermatte-tablet-pc-626454.html,
Wi-Fi Tablet PC,Apple,iPad Pro 11 M2,598776,15%,6849,5799,Apple Intelligence,Space Grey,4 Performance Cores/4 Efficiency Cores,iPadOS 16,16 GB RAM,Liquid Retina Display,"11""",2388 X 1668 Pixels,"Face ID, LiDAR Scanner, Accelerometer, Three-axis Gyro, Barometer, Ambient Light",1 TB,466.00 g ( 1.03 lb ),https://www.jarir.com/sa-en/apple-ipad-pro-11-2022-tablet-pc-598776.html,
Wi-Fi Tablet PC,Apple,iPad Pro 12.9 M2,598792,16%,6349,5299,Apple Intelligence,Space Grey,4 Performance Cores/4 Efficiency Cores,iPadOS 16,8 GB RAM,Liquid Retina XDR Display,"12.9""",2732 X 2048 Pixels,"Face ID, LiDAR Scanner, Accelerometer, Three-axis Gyro, Barometer, Ambient Light",512 GB,682.00 g ( 1.50 lb ),https://www.jarir.com/sa-en/apple-ipad-pro-12-9-2022-tablet-pc-598792.html,
Tablet - 5G,Apple,iPad Pro 11 M2,598786,14%,7549,6449,Apple Intelligence,Space Grey,4 Performance Cores/4 Efficiency Cores,iPadOS 16,16 GB RAM,Liquid Retina Display,"11""",2388 X 1668 Pixels,"Face ID, LiDAR Scanner, Accelerometer, Three-axis Gyro, Barometer, Ambient Light",1 TB,470.00 g ( 1.04 lb ),https://www.jarir.com/sa-en/apple-tablet-pc-598786.html,1 SIM
Wi-Fi Tablet PC,Samsung,Galaxy Tab S9,622744,38%,3399,2099,,Graphite,,Android 13,8 GB RAM,Dynamic AMOLED 2X,"11""",2560 X 1600 Pixels,"120 Hz Display, Water and Dust Resistant (IP68)",128 GB,500.00 g ( 1.10 lb ),https://www.jarir.com/sa-en/samsung-galaxy-tab-s8-tablet-pc-622744.html,
Wi-Fi Tablet PC,Samsung,Galaxy Tab S9,626639,38%,3399,2099,,Beige,,Android 13,8 GB RAM,Dynamic AMOLED 2X,"11""",2560 X 1600 Pixels,"120 Hz Display, Water and Dust Resistant (IP68)",128 GB,500.00 g ( 1.10 lb ),https://www.jarir.com/sa-en/samsung-tablet-pc-626639.html,
Tablet - Wi-Fi (with Keyboard + Pen),Honor,MagicPad2,641860,33%,2999,1999,,White,1X Cortex-X4 3.0 + 4X Cortex-A720 2.8 + 3X Cortex-A520 2.0 GHz,Android 14 (MagicOS 8.0.1),12 GB RAM,OLED,"12.3""",3000 X 1920 Pixels,"HONOR Surround Sound, Ultra-Strong and Slim Design",256 GB,.56 kg ( 1.23 lb ),https://www.jarir.com/sa-en/honor-tablet-pc-641860.html,
Wi-Fi Tablet PC,Samsung,Galaxy Tab S10 Ultra,644987,20%,4899,3899,AI Enabled,Platinum Silver,3.4 GHz + 2.8 GHz + 2.0 GHz,Android 14,12 GB RAM,Dynamic AMOLED 2X,"14.6""",2960 X 1848 Pixels,"Water and Dust Resistant (IP68), Enhanced Armor Aluminum",256 GB,718.00 g ( 1.58 lb ),https://www.jarir.com/sa-en/samsung-galaxy-tab-s10-ultra-tablet-pc-644987.html,
Tablet - Wi-Fi (with Keyboard + Pen),Honor,MagicPad2,641861,33%,2999,1999,,Black,1X Cortex-X4 3.0 + 4X Cortex-A720 2.8 + 3X Cortex-A520 2.0 GHz,Android 14 (MagicOS 8.0.1),12 GB RAM,OLED,"12.3""",3000 X 1920 Pixels,"HONOR Surround Sound, Ultra-Strong and Slim Design",256 GB,560.00 g ( 1.23 lb ),https://www.jarir.com/sa-en/honor-tablet-pc-641861.html,
Wi-Fi Tablet PC,Samsung,Galaxy Tab S10 Ultra,644981,20%,4899,3899,AI Enabled,Moonstone Grey,3.4 GHz + 2.8 GHz + 2.0 GHz,Android 14,12 GB RAM,Dynamic AMOLED 2X,"14.6""",2960 X 1848 Pixels,"Water and Dust Resistant (IP68), Enhanced Armor Aluminum",256 GB,718.00 g ( 1.58 lb ),https://www.jarir.com/sa-en/samsung-galaxy-tab-s10-ultra-tablet-pc-644981.html,
Tablet - Wi-Fi (with Keyboard),Huawei,MatePad Pro 12.2,641858,30%,3299,2299,,Black,,HarmonyOS 4.2,12 GB RAM,OLED,"12.2""",2800 X 1840 Pixels,"Huawei Notes, GoPaint, 100W Fast Charging, Smart Device",256 GB,508.00 g ( 1.12 lb ),https://www.jarir.com/sa-en/huawei-tablet-pc-641858.html,
Tablet - Wi-Fi (with Keyboard),Huawei,MatePad Pro 12.2,641859,25%,3599,2699,,Premium Gold,,HarmonyOS 4.2,12 GB RAM,OLED PaperMatte Touchscreen,"12.2""",2800 X 1840 Pixels,"Huawei Notes, GoPaint, 100W Fast Charging, Smart Device",512 GB,508.00 g ( 1.12 lb ),https://www.jarir.com/sa-en/huawei-tablet-pc-641859.html,
Tablet - Wi-Fi (with Keyboard),Huawei,MatePad Pro 13.2,653650,20%,4499,3599,,Premium Gold,,HarmonyOS 4.3,12 GB RAM,OLED PaperMatte Touchscreen,"13.2""",2880 X 1920 Pixels,"AI Handwriting Adjustments, 100W Fast Charging",512 GB,580.00 g ( 1.28 lb ),https://www.jarir.com/sa-en/huawei-matepad-pro-13-2-tablet-pc-653650.html,
Wi-Fi Tablet PC,Huawei,MatePad Pro 12.2,649210,25%,3599,2699,,Black,,HarmonyOS 4.2,12 GB RAM,OLED PaperMatte Touchscreen,"12.2""",2800 X 1840 Pixels,"HUAWEI Notes, GoPaint, 100W Fast Charging, Smart Device",512 GB,508.00 g ( 1.12 lb ),https://www.jarir.com/sa-en/huawei-matepad-pro-12-2-tablet-pc-649210.html,
Wi-Fi Tablet PC,Samsung,Galaxy Tab S10+,644968,20%,3999,3199,AI Enabled,Moonstone Grey,3.4 GHz + 2.8 GHz + 2.0 GHz,Android 14,12 GB RAM,Dynamic AMOLED 2X,"12.4""",2800 X 1752 Pixels,"Water and Dust Resistant (IP68), Enhanced Armor Aluminum",256 GB,571.00 g ( 1.26 lb ),https://www.jarir.com/sa-en/samsung-galaxy-tab-s10-tablet-pc-644968.html,
Wi-Fi Tablet PC,Samsung,Galaxy Tab S10+,644972,20%,3999,3199,AI Enabled,Platinum Silver,3.4 GHz + 2.8 GHz + 2.0 GHz,Android 14,12 GB RAM,Dynamic AMOLED 2X,"12.4""",2800 X 1752 Pixels,"Water and Dust Resistant (IP68), Enhanced Armor Aluminum",256 GB,571.00 g ( 1.26 lb ),https://www.jarir.com/sa-en/samsung-galaxy-tab-s10-tablet-pc-644972.html,
Tablet - Wi-Fi (with Keyboard),Huawei,MatePad Pro 12.2,659579,24%,3299,2499,,Black,,HarmonyOS 4.3,12 GB RAM,Tandem OLED Display,"12.2""",2800 X 1840 Pixels,,256 GB,508.00 g ( 1.12 lb ),https://www.jarir.com/sa-en/huawei-matepad-pro-12-2-tablet-pc-659579.html,
Tablet - Wi-Fi (with Keyboard),Huawei,MatePad Pro 12.2,659578,19%,3599,2899,,Green,,HarmonyOS 4.3,12 GB RAM,Tandem OLED PaperMatte Display,"12.2""",2800 X 1840 Pixels,,512 GB,512.00 g ( 1.13 lb ),https://www.jarir.com/sa-en/huawei-matepad-pro-12-2-tablet-pc-659578.html,
Tablet - Wi-Fi (with Keyboard),Huawei,MatePad Pro 12.2,659577,19%,3599,2899,,Black,,HarmonyOS 4.3,12 GB RAM,Tandem OLED PaperMatte Display,"12.2""",2800 X 1840 Pixels,,512 GB,512.00 g ( 1.13 lb ),https://www.jarir.com/sa-en/huawei-matepad-pro-12-2-tablet-pc-659577.html,
Tablet - Wi-Fi (with Keyboard),Huawei,MatePad Pro 13.2,653651,15%,3899,3299,,Black,,HarmonyOS 4.3,12 GB RAM,OLED,"13.2""",2880 X 1920 Pixels,"AI Handwriting Adjustments, 100W Fast Charging",256 GB,580.00 g ( 1.28 lb ),https://www.jarir.com/sa-en/huawei-matepad-pro-13-2-tablet-pc-653651.html,
Tablet - Wi-Fi (with Keyboard),Huawei,MatePad 11.5 S,637736,34%,1899,1249,,Silver Frost,,HarmonyOS 4.2,8 GB RAM,IPS FHD-LCD Touchscreen,"11.5""",2800 X 1840 Pixels,"Huawei App Gallery, Huawei Notes, GoPaint",256 GB,510.00 g ( 1.12 lb ),https://www.jarir.com/sa-en/huawei-tablet-pc-637736.html,
Wi-Fi Tablet PC,Apple,iPad Air 11 M2,635549,12%,4949,4349,Apple Intelligence,Blue,,iPadOS 17,8 GB RAM,Liquid Retina Display,"11""",2360 X 1640 Pixels,Touch ID,1 TB,462.00 g ( 1.02 lb ),https://www.jarir.com/sa-en/apple-ipad-air-11-m2-2024-tablet-pc-635549.html,
Wi-Fi Tablet PC,Apple,iPad Air 13 M2,635580,10%,5049,4499,Apple Intelligence,Blue,,iPadOS 17,8 GB RAM,Liquid Retina Display,"13""",2732 X 2048 Pixels,Touch ID,512 GB,617.00 g ( 1.36 lb ),https://www.jarir.com/sa-en/apple-ipad-air-13-m2-2024-tablet-pc-635580.html,
Wi-Fi Tablet PC,Apple,iPad Air 11 M2,635551,12%,4949,4349,Apple Intelligence,Purple,,iPadOS 17,8 GB RAM,Liquid Retina Display,"11""",2360 X 1640 Pixels,Touch ID,1 TB,462.00 g ( 1.02 lb ),https://www.jarir.com/sa-en/apple-ipad-air-11-m2-2024-tablet-pc-635551.html,
Tablet - Wi-Fi (with Keyboard),Huawei,MatePad 11.5 S,637290,27%,1999,1449,,Space Grey,,HarmonyOS 4.2,8 GB RAM,PaperMatte Touchscreen,"11.5""",2800 X 1840 Pixels,"Huawei App Gallery, Huawei Notes, GoPaint, PaperMatte Screen",256 GB,510.00 g ( 1.12 lb ),https://www.jarir.com/sa-en/huawei-matepad-11-5-s-tablet-pc-637290.html,
Tablet - Wi-Fi (with Keyboard),Huawei,MatePad 12 X,644216,20%,2499,1999,,Green,,HarmonyOS 4.2,12 GB RAM,PaperMatte Touchscreen,"12""",2800 X 1840 Pixels,"HUAWEI Notes, GoPaint, 65W Fast Charging",256 GB,555.00 g ( 1.22 lb ),https://www.jarir.com/sa-en/huawei-tablet-pc-644216.html,
Tablet - 5G,Apple,iPad Air 13 M2,635566,12%,4399,3849,Apple Intelligence,Space Grey,,iPadOS 17,8 GB RAM,Liquid Retina Display,"13""",2732 X 2048 Pixels,Touch ID,128 GB,617.00 g ( 1.36 lb ),https://www.jarir.com/sa-en/apple-ipad-air-13-m2-2024-tablet-pc-635566.html,
Tablet - 5G,Apple,iPad Air 13 M2,635586,12%,4399,3849,Apple Intelligence,Blue,,iPadOS 17,8 GB RAM,Liquid Retina Display,"13""",2732 X 2048 Pixels,Touch ID,128 GB,618.00 g ( 1.36 lb ),https://www.jarir.com/sa-en/apple-ipad-air-13-m2-2024-tablet-pc-635586.html,
Tablet - Wi-Fi (with Keyboard),Huawei,MatePad 11.5 S,637289,27%,1999,1449,,Violet,,HarmonyOS 4.2,8 GB RAM,PaperMatte Touchscreen,"11.5""",2800 X 1840 Pixels,"Huawei App Gallery, Huawei Notes, GoPaint, PaperMatte Screen",256 GB,510.00 g ( 1.12 lb ),https://www.jarir.com/sa-en/huawei-matepad-11-5-s-tablet-pc-637289.html,
Tablet - Wi-Fi (with Keyboard),Huawei,MatePad 12 X,644211,20%,2499,1999,,White,,HarmonyOS 4.2,12 GB RAM,PaperMatte Touchscreen,"12""",2800 X 1840 Pixels,"HUAWEI Notes, GoPaint, 65W Fast Charging",256 GB,555.00 g ( 1.22 lb ),https://www.jarir.com/sa-en/huawei-tablet-pc-644211.html,
Tablet - Wi-Fi (with Keyboard),Honor,Pad 9,631623,33%,1499,999,,Space Grey,4X 2.2 (Cortex-A78) + 4X 1.8 (Cortex-A55) GHz,Android 13,8 GB RAM,QHD Touchscreen,"12.1""",2560 X 1600 Pixels,,256 GB,.93 kg ( 2.05 lb ),https://www.jarir.com/sa-en/honor-tablet-pc-631623.html,
Wi-Fi Tablet PC,Apple,iPad Air 11 M2,635543,11%,4049,3599,Apple Intelligence,Blue,,iPadOS 17,8 GB RAM,Liquid Retina Display,"11""",2360 X 1640 Pixels,Touch ID,512 GB,462.00 g ( 1.02 lb ),https://www.jarir.com/sa-en/apple-ipad-air-11-m2-2024-tablet-pc-635543.html,
Tablet - Wi-Fi (with Keyboard),Huawei,MatePad 11.5 S,650690,25%,1999,1499,,Violet,,HarmonyOS 4.2,8 GB RAM,IPS FHD Touchscreen,"11.5""",2800 X 1840 Pixels,"Huawei App Gallery, Huawei Notes, GoPaint, PaperMatte Screen",256 GB,510.00 g ( 1.12 lb ),https://www.jarir.com/sa-en/huawei-matepad-11-5-s-tablet-pc-650690.html,
Tablet - Wi-Fi (with Keyboard),Huawei,MatePad 11.5 S,650685,25%,1999,1499,,Space Grey,,HarmonyOS 4.2,8 GB RAM,IPS FHD Touchscreen,"11.5""",2800 X 1840 Pixels,"Huawei App Gallery, Huawei Notes, GoPaint, PaperMatte Screen",256 GB,510.00 g ( 1.12 lb ),https://www.jarir.com/sa-en/huawei-matepad-11-5-s-tablet-pc-650685.html,
Tablet - Wi-Fi (with Folio Case Cover & Stylus),Honor,Pad V9,652876,27%,1799,1299,,White,3.35 GHz + 3.2 GHz + 2.2 GHz,MagicOS 9.0,12 GB RAM,2.8K LCD Display,"11.5""",2800 X 1840 Pixels,,256 GB,475.00 g ( 1.05 lb ),https://www.jarir.com/sa-en/honor-pad-x9-tablet-pc-652876.html,
Tablet - Wi-Fi (with Folio Case Cover & Stylus),Honor,Pad V9,652869,27%,1799,1299,,Grey,3.35 GHz + 3.2 GHz + 2.2 GHz,MagicOS 9.0,12 GB RAM,2.8K LCD Display,"11.5""",2800 X 1840 Pixels,,256 GB,475.00 g ( 1.05 lb ),https://www.jarir.com/sa-en/honor-pad-x9-tablet-pc-652869.html,
Wi-Fi Tablet PC,Xiaomi,Redmi Pad Pro,636070,28%,1399,999,,Ocean Blue,2.4 GHz,Android HyperOS,8 GB RAM,FHD+ IPS LCD 120 Hz Display,"12.1""",2560 X 1600 Pixels,Triple TUV Rheinland Eye Protection,256 GB,570.00 g ( 1.26 lb ),https://www.jarir.com/sa-en/xiaomi-tablet-pc-636070.html,
Wi-Fi Tablet PC,Xiaomi,Redmi Pad Pro,636068,28%,1399,999,,Graphite Grey,2.4 GHz,Android HyperOS,8 GB RAM,FHD+ IPS LCD 120 Hz Display,"12.1""",2560 X 1600 Pixels,Triple TUV Rheinland Eye Protection,256 GB,570.00 g ( 1.26 lb ),https://www.jarir.com/sa-en/xiaomi-tablet-pc-636068.html,
Tablet - Wi-Fi (with Keyboard),Huawei,MatePad 12 X,644206,17%,2299,1899,,White,,HarmonyOS 4.2,8 GB RAM,LCD Touchscreen,"12""",2800 X 1840 Pixels,"HUAWEI Notes, GoPaint, 65W Fast Charging",256 GB,555.00 g ( 1.22 lb ),https://www.jarir.com/sa-en/huawei-tablet-pc-644206.html,
Wi-Fi Tablet PC,Samsung,Galaxy Tab A9+,633414,35%,999,649,,Graphite,,Android OS,8 GB RAM,TFT-LCD Touchscreen,"11""",1920 X 1200 Pixels,"Accelerometer, Compass, Gyro",128 GB,491.00 g ( 1.08 lb ),https://www.jarir.com/sa-en/samsung-tablet-pc-633414.html,
Wi-Fi Tablet PC,Samsung,Galaxy Tab A9,633417,41%,849,499,,Graphite,2.2 + 2.0 GHz,Android OS,8 GB RAM,FHD-LCD Touchscreen,"8.7""",1340 X 800 Pixels,"Dolby Atmos, Quick Share",128 GB,333.00 g ( 11.75 oz ),https://www.jarir.com/sa-en/samsung-tablet-pc-633417.html,
Tablet - Wi-Fi (with Keyboard),Honor,Pad 10,659565,7%,1299,1199,,Grey,1X 2.63Gz (Cortex-A715) + 3X 2.4Gz (Cortex-A715) + 4X 1.8Gz (Cortex-A510),Android 15,8 GB RAM,IPS-LCD Touchscreen,"12.1""",2560 X 1600 Pixels,,256 GB,525.00 g ( 1.16 lb ),https://www.jarir.com/sa-en/honor-pad-10-tablet-pc-659565.html,
Wi-Fi Tablet PC,Samsung,Galaxy Tab A9+,633415,35%,999,649,,Navy,,Android OS,8 GB RAM,TFT-LCD Touchscreen,"11""",1920 X 1200 Pixels,"Accelerometer, Compass, Gyro",128 GB,491.00 g ( 1.08 lb ),https://www.jarir.com/sa-en/samsung-tablet-pc-633415.html,
Wi-Fi Tablet PC,Samsung,Galaxy Tab A9+,661473,35%,999,649,,Silver,,Android OS,8 GB RAM,TFT-LCD Touchscreen,"11""",1920 X 1200 Pixels,"Accelerometer, Compass, Gyro",128 GB,491.00 g ( 1.08 lb ),https://www.jarir.com/sa-en/samsung-galaxy-tab-a9-tablet-pc-661473.html,
Tablet - Wi-Fi (with Active Pen),Lenovo,Idea Tab Pro,648251,23%,1499,1149,,Luna Grey,3.35 GHz + 3.2 GHz + 2.2 GHz,Android 14,8 GB RAM,3K 144 Hz LCD Display,"12.7""",2944 X 1840 Pixels,,256 GB,620.00 g ( 1.37 lb ),https://www.jarir.com/sa-en/lenovo-idea-tab-pro-tablet-pc-648251.html,
Wi-Fi Tablet PC,Huawei,MatePad SE 11,655734,41%,849,499,,Nebula Grey,,HarmonyOS 2,6 GB RAM,IPS FHD-LCD Touchscreen,"11""",1920 X 1200 Pixels,22.5W Fast Charging,128 GB,475.00 g ( 1.05 lb ),https://www.jarir.com/sa-en/huawei-matepad-se-11-tablet-pc-655734.html,
Wi-Fi Tablet PC,Samsung,Galaxy Tab A9,633418,41%,849,499,,Navy,2.2 + 2.0 GHz,Android OS,8 GB RAM,FHD-LCD Touchscreen,"8.7""",1340 X 800 Pixels,"Dolby Atmos, Quick Share",128 GB,333.00 g ( 11.75 oz ),https://www.jarir.com/sa-en/samsung-tablet-pc-633418.html,
Tablet - Wi-Fi (with Keyboard),Huawei,MatePad 11.5,649531,21%,1399,1099,,Space Grey,,HarmonyOS 4.2,6 GB RAM,2.2K 120 Hz IPS-LCD Touchscreen,"11.5""",2200 X 1440 Pixels,Huawei App Gallery,128 GB,499.00 g ( 1.10 lb ),https://www.jarir.com/sa-en/huawei-matepad-11-5-tablet-pc-649531.html,
Tablet - Wi-Fi (with Kids Cover & Stylus),Honor,Pad X8a Kids Edition,644234,35%,849,549,,Space Grey,4X 2.4 (Cortex A73) + 4X 1.9 (Cortex A53) GHz,Android 14,4 GB RAM,IPS-LCD Touchscreen,"11""",1920 X 1200 Pixels,"Parental Guidance, Kids Protective Case",128 GB,.50 kg ( 1.10 lb ),https://www.jarir.com/sa-en/honor-pad-x8a-kids-tablet-pc-644234.html,
Tablet - Wi-Fi (with Clear Case Cover),Lenovo,Tab Plus,636984,25%,1199,899,AI Enabled,Luna Grey,2.2 GHz,Android 14,8 GB RAM,2K IPS AG 400N 90 Hz,"11.5""",2000 X 1200 Pixels,Low Blue Light,256 GB eMMC 5.1,650.00 g ( 1.43 lb ),https://www.jarir.com/sa-en/lenovo-tab-plus-tablet-pc-636984.html,
Tablet - 4G (with Case Cover),Honor,Pad X8a,644349,33%,899,599,,Space Grey,4X 2.4 (Cortex A73) + 4X 1.9 (Cortex A53) GHz,Android 14,4 GB RAM,IPS-LCD Touchscreen,"11""",1920 X 1200 Pixels,MagicOS 8.0,128 GB,.50 kg ( 1.10 lb ),https://www.jarir.com/sa-en/honor-pad-x8a-tablet-pc-644349.html,1 SIM
Tablet - Wi-Fi (with Samsung S Pen),Samsung,Galaxy Tab S10 FE+,656240,10%,2899,2599,,Grey,2.9 GHz + 2.6 GHz + 1.95 GHz,Android 15,12 GB RAM,TFT-LCD Touchscreen,"13.1""",2880 X 1800 Pixels,"90 Hz Display, S Pen",256 GB,674.00 g ( 1.49 lb ),https://www.jarir.com/sa-en/samsung-galaxy-tab-s10-fe-tablet-pc-656240.html,
Tablet - Wi-Fi (with Samsung S Pen),Samsung,Galaxy Tab S10 FE,656188,15%,1999,1699,,Blue,2.9 GHz + 2.6 GHz + 1.95 GHz,Android 15,8 GB RAM,TFT-LCD Touchscreen,"10.9""",2304 X 1440 Pixels,"90 Hz Display, S Pen",128 GB,520.00 g ( 1.15 lb ),https://www.jarir.com/sa-en/samsung-galaxy-tab-s10-fe-tablet-pc-656188.html,
Tablet - Wi-Fi (with Samsung S Pen),Samsung,Galaxy Tab S10 FE,656222,15%,1999,1699,,Grey,2.9 GHz + 2.6 GHz + 1.95 GHz,Android 15,8 GB RAM,TFT-LCD Touchscreen,"10.9""",2304 X 1440 Pixels,"90 Hz Display, S Pen",128 GB,520.00 g ( 1.15 lb ),https://www.jarir.com/sa-en/samsung-galaxy-tab-s10-fe-tablet-pc-656222.html,
Tablet - Wi-Fi (with Samsung S Pen),Samsung,Galaxy Tab S10 FE+,656238,12%,2499,2199,,Grey,2.9 GHz + 2.6 GHz + 1.95 GHz,Android 15,8 GB RAM,TFT-LCD Touchscreen,"13.1""",2880 X 1800 Pixels,"90 Hz Display, S Pen",128 GB,674.00 g ( 1.49 lb ),https://www.jarir.com/sa-en/samsung-galaxy-tab-s10-fe-tablet-pc-656238.html,
Tablet - Wi-Fi (with Samsung S Pen),Samsung,Galaxy Tab S10 FE,656224,13%,2299,1999,,Grey,2.9 GHz + 2.6 GHz + 1.95 GHz,Android 15,12 GB RAM,TFT-LCD Touchscreen,"10.9""",2304 X 1440 Pixels,"90 Hz Display, S Pen",256 GB,520.00 g ( 1.15 lb ),https://www.jarir.com/sa-en/samsung-galaxy-tab-s10-fe-tablet-pc-656224.html,
Tablet - Wi-Fi (with Samsung S Pen),Samsung,Galaxy Tab S10 FE+,656225,12%,2499,2199,,Blue,2.9 GHz + 2.6 GHz + 1.95 GHz,Android 15,8 GB RAM,TFT-LCD Touchscreen,"13.1""",2880 X 1800 Pixels,"90 Hz Display, S Pen",128 GB,674.00 g ( 1.49 lb ),https://www.jarir.com/sa-en/samsung-galaxy-tab-s10-fe-tablet-pc-656225.html,
Tablet - 4G,Samsung,Galaxy Tab A9,626615,37%,749,469,,Navy,2.2 + 2.0 GHz,Android OS,4 GB RAM,FHD-LCD Touchscreen,"8.7""",1340 X 800 Pixels,"Dolby Atmos, Quick Share",64 GB,333.00 g ( 11.75 oz ),https://www.jarir.com/sa-en/samsung-tablet-pc-626615.html,1 SIM
Tablet - 4G,Samsung,Galaxy Tab A9,626626,37%,749,469,,Graphite,2.2 + 2.0 GHz,Android OS,4 GB RAM,FHD-LCD Touchscreen,"8.7""",1340 X 800 Pixels,"Dolby Atmos, Quick Share",64 GB,333.00 g ( 11.75 oz ),https://www.jarir.com/sa-en/samsung-tablet-pc-626626.html,1 SIM
Tablet - Wi-Fi (with Active Pen),Huawei,MatePad SE 11,659581,25%,999,749,,Crystal Blue,,HarmonyOS 2,8 GB RAM,IPS FHD-LCD Touchscreen,"11""",1920 X 1200 Pixels,22.5W Fast Charging,128 GB,475.00 g ( 1.05 lb ),https://www.jarir.com/sa-en/huawei-matepad-se-11-tablet-pc-659581.html,
Tablet - Wi-Fi (with Active Pen),Huawei,MatePad SE 11,635868,25%,999,749,,Crystal Blue,,HarmonyOS 2,8 GB RAM,IPS FHD-LCD Touchscreen,"11""",1920 X 1200 Pixels,22.5W Fast Charging,128 GB,475.00 g ( 1.05 lb ),https://www.jarir.com/sa-en/huawei-tablet-pc-635868.html,
Tablet - Wi-Fi (with Kids Cover & Stylus),Huawei,MatePad SE Kids Edition,635869,29%,849,599,,Nebula Grey,,HarmonyOS 2,4 GB RAM,IPS FHD-LCD Touchscreen,"11""",1920 X 1200 Pixels,"Parental Assistant, Five Layered Eye Protection, eBook Mode, Kids Corner",128 GB,475.00 g ( 1.05 lb ),https://www.jarir.com/sa-en/huawei-tablet-pc-635869.html,
Tablet - Wi-Fi (with Active Pen),Huawei,MatePad SE 11,659582,25%,999,749,,Nebula Grey,,HarmonyOS 2,8 GB RAM,IPS FHD-LCD Touchscreen,"11""",1920 X 1200 Pixels,22.5W Fast Charging,128 GB,475.00 g ( 1.05 lb ),https://www.jarir.com/sa-en/huawei-matepad-se-11-tablet-pc-659582.html,
Tablet - Wi-Fi (with Kids Cover & Stylus),Huawei,MatePad SE Kids Edition,656806,29%,849,599,,Nebula Grey,,HarmonyOS 2,4 GB RAM,IPS FHD-LCD Touchscreen,"11""",1920 X 1200 Pixels,"Parental Assistant, Five Layered Eye Protection, eBook Mode, Kids Corner",128 GB,475.00 g ( 1.05 lb ),https://www.jarir.com/sa-en/huawei-matepad-se-kids-edition-tablet-pc-656806.html,
Tablet - 5G,Xiaomi,Redmi Pad Pro,640252,16%,1499,1249,,Grey,2.4 GHz,Android HyperOS,8 GB RAM,FHD+ IPS LCD 120 Hz Display,"12.1""",2560 X 1600 Pixels,Triple TUV Rheinland Eye Protection,256 GB,570.00 g ( 1.26 lb ),https://www.jarir.com/sa-en/xiaomi-redmi-pad-pro-tablet-pc-640252.html,Dual SIM
Tablet - 4G,Xiaomi,Redmi Pad SE 8.7,640281,26%,649,479,,Graphite Grey,2.0 GHz,Android HyperOS,6 GB RAM,IPS-LCD Touchscreen,"8.7""",1340 X 800 Pixels,Triple TUV Rheinland Eye Protection,128 GB,373.00 g ( 13.17 oz ),https://www.jarir.com/sa-en/xiaomi-redmi-pad-se-tablet-pc-640281.html,Dual SIM
Tablet - Wi-Fi (with Keyboard + Pen),Lenovo,Yoga Tab Plus,652310,7%,2699,2499,,Tidal Teal,3.3 GHz + 2.95 GHz + 3.14 GHz + 2.26 GHz,Android 14,16 GB RAM,3K Multi-Touch,"12.7""",2944 X 1840 Pixels,Dust and Water Resistant (IP53),256 GB,640.00 g ( 1.41 lb ),https://www.jarir.com/sa-en/lenovo-yoga-tab-plus-tablet-pc-652310.html,
Tablet - 4G,Xiaomi,Redmi Pad 2,659591,15%,899,759,,Grey,2.2 GHz,Android HyperOS 2,8 GB RAM,2.5K 600 Nits,"11""",1560 X 1600 Pixels,Triple TUV Rheinland Eye Protection,256 GB,519.00 g ( 1.14 lb ),https://www.jarir.com/sa-en/xiaomi-redmi-pad-2-tablet-pc-659591.html,Dual SIM
Tablet - 4G,Xiaomi,Redmi Pad SE 8.7,640284,26%,649,479,,Sky Blue,2.0 GHz,Android HyperOS,6 GB RAM,IPS-LCD Touchscreen,"8.7""",1340 X 800 Pixels,Triple TUV Rheinland Eye Protection,128 GB,373.00 g ( 13.17 oz ),https://www.jarir.com/sa-en/xiaomi-redmi-pad-se-tablet-pc-640284.html,Dual SIM
Tablet - 4G (with Case Cover),Lenovo,Tab (TB311XU),648273,21%,699,549,,Luna Grey,2.0 + 1.8 GHz,Android 14,4 GB RAM,FHD-LCD Touchscreen,"10.1""",1920 X 1200 Pixels,"Dolby Atmos, 60 Hz Display",128 GB,465.00 g ( 1.03 lb ),https://www.jarir.com/sa-en/lenovo-lenovo-tab-tablet-pc-648273.html,1 SIM
Tablet - Wi-Fi (with Clear Case Cover),Xiaomi,Redmi Pad 2,660373,15%,699,589,,Purple,2.2 GHz,Android HyperOS 2,4 GB RAM,2.5K 600 Nits,"11""",2560 X 1600 Pixels,Triple TUV Rheinland Eye Protection,128 GB,510.00 g ( 1.12 lb ),https://www.jarir.com/sa-en/xiaomi-redmi-pad-2-tablet-pc-660373.html,
Wi-Fi Tablet PC,Xiaomi,Redmi Pad SE 8.7,641314,31%,449,309,,Graphite Grey,2.0 GHz,Android HyperOS,4 GB RAM,IPS-LCD Touchscreen,"8.7""",1340 X 800 Pixels,TUV Rheinland Eye Protection,64 GB,373.00 g ( 13.17 oz ),https://www.jarir.com/sa-en/xiaomi-redmi-pad-se-tablet-pc-641314.html,
Tablet - 4G (with Case Cover),Honor,Pad X9a,661178,10%,949,849,,Grey,4X 2.8 (Cortex-A73) + 4X 1.9 (Cortex-A53) GHz,MagicOS 9.0,8 GB RAM,IPS-LCD Touchscreen,"11.5""",2508 X 1504 Pixels,,128 GB,480.00 g ( 1.06 lb ),https://www.jarir.com/sa-en/honor-pad-x9a-tablet-pc-661178.html,1 SIM
Tablet - Wi-Fi (with Clear Case Cover),Honor,Pad X9a,655531,12%,799,699,,Grey,4X 2.8 (Cortex-A73) + 4X 1.9 (Cortex-A53) GHz,MagicOS 9.0,8 GB RAM,IPS-LCD Touchscreen,"11.5""",2508 X 1504 Pixels,,128 GB,475.00 g ( 1.05 lb ),https://www.jarir.com/sa-en/honor-pad-x9a-tablet-pc-655531.html,
Tablet - Wi-Fi (with Clear Case Cover),Xiaomi,Redmi Pad 2,660372,15%,699,589,,Grey,2.2 GHz,Android HyperOS 2,4 GB RAM,2.5K 600 Nits,"11""",2560 X 1600 Pixels,Triple TUV Rheinland Eye Protection,128 GB,510.00 g ( 1.12 lb ),https://www.jarir.com/sa-en/xiaomi-redmi-pad-2-tablet-pc-660372.html,
Tablet - Wi-Fi (with Clear Case Cover),Xiaomi,Pad 7,653920,6%,1499,1399,,Grey,2.63 GHz,Android HyperOS 2,8 GB RAM,3.2K 144 Hz LCD Display,"11.2""",3200 X 2136 Pixels,"Smartphone Link, Stylus Support (Magnetic)",256 GB,512.00 g ( 1.13 lb ),https://www.jarir.com/sa-en/xiaomi-xiaomi-pad-7-tablet-pc-653920.html,
Tablet - Wi-Fi (with Case Cover + Film),Lenovo,Legion Tab,652307,4%,2199,2099,,Eclipse Black,3.3 GHz,Android 14,12 GB RAM,2.5K 165 Hz LCD Display,"8.8""",2560 X 1600 Pixels,"Dust and Water Resistant (IP53), Legion Coldfront Cooling Sytem",256 GB,350.00 g ( 12.36 oz ),https://www.jarir.com/sa-en/lenovo-legion-tab-tablet-pc-652307.html,
Wi-Fi Tablet PC,Xiaomi,Pad 7 Pro,658485,5%,1999,1899,,Blue,3.0 GHz,Android HyperOS,12 GB RAM,3.2K 144 Hz LCD Display,"11.2""",3200 X 2136 Pixels,"Smartphone Link, Stylus Support (Magnetic)",512 GB,512.00 g ( 1.13 lb ),https://www.jarir.com/sa-en/xiaomi-pad-7-pro-tablet-pc-658485.html,
Wi-Fi Tablet PC,Acer,Iconia A10M1,651352,20%,499,399,,Steel Grey,2.2 GHz,Android 14,4 GB RAM,IPS HD-LCD Touchscreen,"10.1""",1280 X 800 Pixels,,128 GB,.45 kg ( .99 lb ),https://www.jarir.com/sa-en/acer-iconia-a10m1-tablet-pc-651352.html,
Tablet - 4G (with Case Cover),Lenovo,Tab One,652302,20%,499,399,,Luna Grey,2.0 + 1.8 GHz,Android 14,4 GB RAM,IPS HD-LCD Touchscreen,"8.7""",1340 X 800 Pixels,,128 GB,320.00 g ( 11.30 oz ),https://www.jarir.com/sa-en/lenovo-tab-one-tablet-pc-652302.html,1 SIM
Wi-Fi Tablet PC,Xiaomi,Pad 7 Pro,653919,5%,1999,1899,,Grey,3.0 GHz,Android HyperOS 2,12 GB RAM,3.2K 144 Hz LCD Display,"11.2""",3200 X 2136 Pixels,"Smartphone Link, Stylus Support (Magnetic)",512 GB,512.00 g ( 1.13 lb ),https://www.jarir.com/sa-en/xiaomi-xiaomi-pad-7-pro-tablet-pc-653919.html,
Wi-Fi Tablet PC,Acer,Iconia A8,637746,12%,399,349,,Silver,1.8 GHz,Android 14,4 GB RAM,IPS-LED Capacitive Touchscreen,"8.7""",1340 X 800 Pixels,,64 GB,385.00 g ( 13.59 oz ),https://www.jarir.com/sa-en/acer-iconia-a8-tablet-pc-637746.html,
Tablet - Wi-Fi (with Clear Case Cover),Xiaomi,Redmi Pad 2,660370,10%,799,719,,Graphite Grey,2.2 GHz,Android HyperOS 2,8 GB RAM,2.5K 600 Nits,"11""",1560 X 1600 Pixels,Triple TUV Rheinland Eye Protection,256 GB,510.00 g ( 1.12 lb ),https://www.jarir.com/sa-en/xiaomi-redmi-pad-2-wifi-tablet-pc-660370.html,
Tablet - Wi-Fi (with Clear Case Cover),Xiaomi,Redmi Pad 2,660365,10%,799,719,,Purple,2.2 GHz,Android HyperOS 2,8 GB RAM,2.5K 600 Nits,"11""",2560 X 1600 Pixels,Triple TUV Rheinland Eye Protection,256 GB,510.00 g ( 1.12 lb ),https://www.jarir.com/sa-en/xiaomi-redmi-pad-2-wifi-tablet-pc-660365.html,
Tablet - Wi-Fi (with Clear Case Cover),Honor,Pad X7,662336,,349,,,Grey,4X 2.4 (Cortex A73) + 4X 1.9 (Cortex A53) GHz,Android 15,4 GB RAM,IPS-LCD Touchscreen,"8.7""",1340 X 800 Pixels,TUV Rheinland Low Blue Light,128 GB,365.00 g ( 12.88 oz ),https://www.jarir.com/sa-en/honor-pad-x7-tablet-pc-662336.html,
Tablet - Wi-Fi with Stand,Taktik,S01,662026,,1699,,,Black,2.0 GHz,Android 12,4 GB RAM,IPS FHD-LCD Touchscreen,"21.5""",1920 X 1080 Pixels,Built-In Stand,64 GB,11.13 kg ( 24.54 lb ),https://www.jarir.com/sa-en/taktik-s01-tablet-pc-662026.html,
Wi-Fi Tablet PC,Apple,iPad A16,654176,,1599,,,Blue,,iPadOS 18,,Liquid Retina Display,"11""",2360 X 1640 Pixels,Touch ID Sensor,128 GB,477.00 g ( 1.05 lb ),https://www.jarir.com/sa-en/apple-ipad-a16-tablet-pc-654176.html,
Wi-Fi Tablet PC,Apple,iPad Pro 11 M4,635573,,4699,,Apple Intelligence,Space Black,3 Performance Cores/6 Efficieny Cores,iPadOS 17,8 GB RAM,Ultra Retina XDR Display,"11""",2420 X 1668 Pixels,"Face ID, LiDAR Scanner, Accelerometer, Three-axis Gyro, Barometer, Ambient Light",256 GB,444.00 g ( 15.67 oz ),https://www.jarir.com/sa-en/apple-ipad-pro-11-m4-2024-tablet-pc-635573.html,
Wi-Fi Tablet PC,Apple,iPad Pro 13 M4,635597,,5999,,Apple Intelligence,Space Black,3 Performance Cores/6 Efficieny Cores,iPadOS 17,8 GB RAM,Ultra Retina XDR Display,"13""",2752 X 2064 Pixels,"Face ID, LiDAR Scanner, Accelerometer, Three-axis Gyro, Barometer, Ambient Light",256 GB,579.00 g ( 1.28 lb ),https://www.jarir.com/sa-en/apple-ipad-pro-13-m4-2024-tablet-pc-635597.html,
Wi-Fi Tablet PC,Apple,iPad Pro 11 M4,635600,,4699,,Apple Intelligence,Silver,3 Performance Cores/6 Efficieny Cores,iPadOS 17,8 GB RAM,Ultra Retina XDR Display,"11""",2420 X 1668 Pixels,"Face ID, LiDAR Scanner, Accelerometer, Three-axis Gyro, Barometer, Ambient Light",256 GB,444.00 g ( 15.67 oz ),https://www.jarir.com/sa-en/apple-ipad-pro-11-m4-2024-tablet-pc-635600.html,
Wi-Fi Tablet PC,Apple,iPad mini (A17 Pro),645005,,2299,,Apple Intelligence,Space Grey,,iPadOS 18,,Liquid Retina Display,"8.3""",2266 X 1488 Pixels,"Apple Intelligence, 6-core CPU, 5-core GPU",128 GB,293.00 g ( 10.34 oz ),https://www.jarir.com/sa-en/apple-ipad-mini-7-tablet-pc-645005.html,
Wi-Fi Tablet PC,Apple,iPad A16,654165,,1599,,,Silver,,iPadOS 18,,Liquid Retina Display,"11""",2360 X 1640 Pixels,Touch ID Sensor,128 GB,477.00 g ( 1.05 lb ),https://www.jarir.com/sa-en/apple-ipad-a16-tablet-pc-654165.html,
Wi-Fi Tablet PC,Apple,iPad A16,654185,,2049,,,Silver,,iPadOS 18,,Liquid Retina Display,"11""",2360 X 1640 Pixels,Touch ID Sensor,256 GB,477.00 g ( 1.05 lb ),https://www.jarir.com/sa-en/apple-ipad-a16-tablet-pc-654185.html,
Tablet - 5G,Apple,iPad Pro 13 M4,635603,,6899,,Apple Intelligence,Space Black,3 Performance Cores/6 Efficieny Cores,iPadOS 17,8 GB RAM,Ultra Retina XDR Display,"13""",2752 X 2064 Pixels,"Face ID, LiDAR Scanner, Accelerometer, Three-axis Gyro, Barometer, Ambient Light",256 GB,582.00 g ( 1.28 lb ),https://www.jarir.com/sa-en/apple-ipad-pro-13-m4-2024-tablet-pc-635603.html,
Tablet - 5G,Apple,iPad Pro 13 M4,635609,,7799,,Apple Intelligence,Silver,3 Performance Cores/6 Efficieny Cores,iPadOS 17,8 GB RAM,Ultra Retina XDR Display,"13""",2752 X 2064 Pixels,"Face ID, LiDAR Scanner, Accelerometer, Three-axis Gyro, Barometer, Ambient Light",512 GB,582.00 g ( 1.28 lb ),https://www.jarir.com/sa-en/apple-ipad-pro-13-m4-2024-tablet-pc-635609.html,
Wi-Fi Tablet PC,Apple,iPad mini (A17 Pro),645010,,2299,,Apple Intelligence,Blue,,iPadOS 18,,Liquid Retina Display,"8.3""",2266 X 1488 Pixels,"Apple Intelligence, 6-core CPU, 5-core GPU",128 GB,293.00 g ( 10.34 oz ),https://www.jarir.com/sa-en/apple-ipad-mini-7-tablet-pc-645010.html,
Wi-Fi Tablet PC,Huawei,MatePad 11.5,659580,,1099,,,Space Grey,,HarmonyOS 4.2,6 GB RAM,2.2K 120 Hz IPS-LCD Touchscreen,"11.5""",2200 X 1440 Pixels,,128 GB,499.00 g ( 1.10 lb ),https://www.jarir.com/sa-en/huawei-matepad-11-5-tablet-pc-659580.html,
Tablet - 5G,Apple,iPad mini (A17 Pro),645014,,2999,,Apple Intelligence,Blue,,iPadOS 18,,Liquid Retina Display,"8.3""",2266 X 1488 Pixels,"Apple Intelligence, 6-core CPU, 5-core GPU",128 GB,297.00 g ( 10.48 oz ),https://www.jarir.com/sa-en/apple-ipad-mini-7-tablet-pc-645014.html,1 SIM
Wi-Fi Tablet PC,Apple,iPad A16,654179,,1599,,,Yellow,,iPadOS 18,,Liquid Retina Display,"11""",2360 X 1640 Pixels,Touch ID Sensor,128 GB,477.00 g ( 1.05 lb ),https://www.jarir.com/sa-en/apple-ipad-a16-tablet-pc-654179.html,
Wi-Fi Tablet PC,Apple,iPad Air 11 M3,654231,,3149,,Apple Intelligence,Purple,4 Performance Cores/4 Efficiency Cores,iPadOS 18,8 GB RAM,Liquid Retina Display,"11""",2360 X 1640 Pixels,Touch ID,256 GB,460.00 g ( 1.01 lb ),https://www.jarir.com/sa-en/apple-ipad-air-11-m3-tablet-pc-654231.html,
Wi-Fi Tablet PC,Apple,iPad Air 11 M3,654204,,2699,,Apple Intelligence,Starlight,4 Performance Cores/4 Efficiency Cores,iPadOS 18,8 GB RAM,Liquid Retina Display,"11""",2360 X 1640 Pixels,Touch ID,128 GB,460.00 g ( 1.01 lb ),https://www.jarir.com/sa-en/apple-ipad-air-11-m3-tablet-pc-654204.html,
Wi-Fi Tablet PC,Apple,iPad Air 11 M3,654212,,3149,,Apple Intelligence,Space Grey,4 Performance Cores/4 Efficiency Cores,iPadOS 18,8 GB RAM,Liquid Retina Display,"11""",2360 X 1640 Pixels,Touch ID,256 GB,460.00 g ( 1.01 lb ),https://www.jarir.com/sa-en/apple-ipad-air-11-m3-tablet-pc-654212.html,
Tablet - 5G,Apple,iPad Pro 13 M4,635673,,9599,,Apple Intelligence,Space Black,4 Performance Cores/6 Efficiency Cores,iPadOS 17,16 GB RAM,Ultra Retina XDR Display,"13""",2752 X 2064 Pixels,"Face ID, LiDAR Scanner, Accelerometer",1 TB,579.00 g ( 1.28 lb ),https://www.jarir.com/sa-en/apple-ipad-pro-13-m4-2024-tablet-pc-635673.html,
Wi-Fi Tablet PC,Apple,iPad mini (A17 Pro),645029,,2299,,Apple Intelligence,Purple,,iPadOS 18,,Liquid Retina Display,"8.3""",2266 X 1488 Pixels,"Apple Intelligence, 6-core CPU, 5-core GPU",128 GB,293.00 g ( 10.34 oz ),https://www.jarir.com/sa-en/apple-ipad-mini-a17-pro-tablet-pc-645029.html,
Wi-Fi Tablet PC,Apple,iPad Pro 13 M4,635672,,10499,,Apple Intelligence,Space Black,4 Performance Cores/6 Efficiency Cores,iPadOS 17,16 GB RAM,Ultra Retina XDR Display,"13""",2752 X 2064 Pixels,"Face ID, LiDAR Scanner, Accelerometer",2 TB,579.00 g ( 1.28 lb ),https://www.jarir.com/sa-en/apple-ipad-pro-13-m4-2024-tablet-pc-635672.html,
Wi-Fi Tablet PC,Apple,iPad A16,654192,,2049,,,Yellow,,iPadOS 18,,Liquid Retina Display,"11""",2360 X 1640 Pixels,Touch ID Sensor,256 GB,477.00 g ( 1.05 lb ),https://www.jarir.com/sa-en/apple-ipad-a16-tablet-pc-654192.html,
Tablet - 5G,Apple,iPad mini (A17 Pro),645017,,2999,,Apple Intelligence,Purple,,iPadOS 18,,Liquid Retina Display,"8.3""",2266 X 1488 Pixels,"Apple Intelligence, 6-core CPU, 5-core GPU",128 GB,297.00 g ( 10.48 oz ),https://www.jarir.com/sa-en/apple-ipad-mini-7-tablet-pc-645017.html,1 SIM
Wi-Fi Tablet PC,Apple,iPad mini (A17 Pro),645027,,2299,,Apple Intelligence,Starlight,,iPadOS 18,,Liquid Retina Display,"8.3""",2266 X 1488 Pixels,"Apple Intelligence, 6-core CPU, 5-core GPU",128 GB,293.00 g ( 10.34 oz ),https://www.jarir.com/sa-en/apple-ipad-mini-a17-pro-tablet-pc-645027.html,
Tablet - 5G,Apple,iPad Air 13 M3,654191,,4399,,Apple Intelligence,Space Grey,4 Performance Cores/4 Efficiency Cores,iPadOS 18,8 GB RAM,Liquid Retina Display,"13""",2732 X 2048 Pixels,Touch ID,128 GB,617.00 g ( 1.36 lb ),https://www.jarir.com/sa-en/apple-ipad-air-13-m3-tablet-pc-654191.html,
Wi-Fi Tablet PC,Apple,iPad A16,654195,,2049,,,Pink,,iPadOS 18,,Liquid Retina Display,"11""",2360 X 1640 Pixels,Touch ID Sensor,256 GB,477.00 g ( 1.05 lb ),https://www.jarir.com/sa-en/apple-ipad-a16-tablet-pc-654195.html,
Wi-Fi Tablet PC,Apple,iPad A16,654201,,2949,,,Blue,,iPadOS 18,,Liquid Retina Display,"11""",2360 X 1640 Pixels,Touch ID Sensor,512 GB,477.00 g ( 1.05 lb ),https://www.jarir.com/sa-en/apple-ipad-a16-tablet-pc-654201.html,
Wi-Fi Tablet PC,Apple,iPad Air 13 M3,654202,,3699,,Apple Intelligence,Blue,4 Performance Cores/4 Efficiency Cores,iPadOS 18,8 GB RAM,Liquid Retina Display,"13""",2732 X 2048 Pixels,Touch ID,128 GB,616.00 g ( 1.36 lb ),https://www.jarir.com/sa-en/apple-ipad-air-13-m3-tablet-pc-654202.html,
Tablet - 5G,Apple,iPad Air 13 M3,654203,,4399,,Apple Intelligence,Blue,4 Performance Cores/4 Efficiency Cores,iPadOS 18,8 GB RAM,Liquid Retina Display,"13""",2732 X 2048 Pixels,Touch ID,128 GB,617.00 g ( 1.36 lb ),https://www.jarir.com/sa-en/apple-ipad-air-13-m3-tablet-pc-654203.html,
Wi-Fi Tablet PC,Apple,iPad A16,654188,,2049,,,Blue,,iPadOS 18,,Liquid Retina Display,"11""",2360 X 1640 Pixels,Touch ID Sensor,256 GB,477.00 g ( 1.05 lb ),https://www.jarir.com/sa-en/apple-ipad-a16-tablet-pc-654188.html,
Tablet - 5G,Apple,iPad Air 11 M3,654200,,3399,,Apple Intelligence,Blue,4 Performance Cores/4 Efficiency Cores,iPadOS 18,8 GB RAM,Liquid Retina Display,"11""",2360 X 1640 Pixels,Touch ID,128 GB,460.00 g ( 1.01 lb ),https://www.jarir.com/sa-en/apple-ipad-air-11-m3-tablet-pc-654200.html,
Wi-Fi Tablet PC,Apple,iPad A16,654197,,2949,,,Silver,,iPadOS 18,,Liquid Retina Display,"11""",2360 X 1640 Pixels,Touch ID Sensor,512 GB,477.00 g ( 1.05 lb ),https://www.jarir.com/sa-en/apple-ipad-a16-tablet-pc-654197.html,
Wi-Fi Tablet PC,Apple,iPad Air 11 M3,654177,,2699,,Apple Intelligence,Space Grey,4 Performance Cores/4 Efficiency Cores,iPadOS 18,8 GB RAM,Liquid Retina Display,"11""",2360 X 1640 Pixels,Touch ID,128 GB,460.00 g ( 1.01 lb ),https://www.jarir.com/sa-en/apple-ipad-air-11-m3-tablet-pc-654177.html,
Wi-Fi Tablet PC,Apple,iPad Air 11 M3,654199,,2699,,Apple Intelligence,Blue,4 Performance Cores/4 Efficiency Cores,iPadOS 18,8 GB RAM,Liquid Retina Display,"11""",2360 X 1640 Pixels,Touch ID,128 GB,460.00 g ( 1.01 lb ),https://www.jarir.com/sa-en/apple-ipad-air-11-m3-tablet-pc-654199.html,
Wi-Fi Tablet PC,Apple,iPad Air 13 M3,654187,,3699,,Apple Intelligence,Space Grey,4 Performance Cores/4 Efficiency Cores,iPadOS 18,8 GB RAM,Liquid Retina Display,"13""",2732 X 2048 Pixels,Touch ID,128 GB,616.00 g ( 1.36 lb ),https://www.jarir.com/sa-en/apple-ipad-air-13-m3-tablet-pc-654187.html,
Tablet - 5G,Apple,iPad Air 11 M3,654183,,3399,,Apple Intelligence,Space Grey,4 Performance Cores/4 Efficiency Cores,iPadOS 18,8 GB RAM,Liquid Retina Display,"11""",2360 X 1640 Pixels,Touch ID,128 GB,460.00 g ( 1.01 lb ),https://www.jarir.com/sa-en/apple-ipad-air-11-m3-tablet-pc-654183.html,
Wi-Fi Tablet PC,Apple,iPad A16,654181,,1599,,,Pink,,iPadOS 18,,Liquid Retina Display,"11""",2360 X 1640 Pixels,Touch ID Sensor,128 GB,477.00 g ( 1.05 lb ),https://www.jarir.com/sa-en/apple-ipad-a16-tablet-pc-654181.html,
Wi-Fi Tablet PC,Apple,iPad Air 11 M3,654252,,4049,,Apple Intelligence,Purple,4 Performance Cores/4 Efficiency Cores,iPadOS 18,8 GB RAM,Liquid Retina Display,"11""",2360 X 1640 Pixels,Touch ID,512 GB,460.00 g ( 1.01 lb ),https://www.jarir.com/sa-en/apple-ipad-air-11-m3-tablet-pc-654252.html,
Tablet - 5G,Apple,iPad Air 11 M3,654217,,3399,,Apple Intelligence,Purple,4 Performance Cores/4 Efficiency Cores,iPadOS 18,8 GB RAM,Liquid Retina Display,"11""",2360 X 1640 Pixels,Touch ID,128 GB,460.00 g ( 1.01 lb ),https://www.jarir.com/sa-en/apple-ipad-air-11-m3-tablet-pc-654217.html,
Wi-Fi Tablet PC,Apple,iPad Air 13 M3,654251,,5049,,Apple Intelligence,Blue,4 Performance Cores/4 Efficiency Cores,iPadOS 18,8 GB RAM,Liquid Retina Display,"13""",2732 X 2048 Pixels,Touch ID,512 GB,616.00 g ( 1.36 lb ),https://www.jarir.com/sa-en/apple-ipad-air-13-m3-tablet-pc-654251.html,
Wi-Fi Tablet PC,Apple,iPad Air 11 M3,654216,,3149,,Apple Intelligence,Blue,4 Performance Cores/4 Efficiency Cores,iPadOS 18,8 GB RAM,Liquid Retina Display,"11""",2360 X 1640 Pixels,Touch ID,256 GB,460.00 g ( 1.01 lb ),https://www.jarir.com/sa-en/apple-ipad-air-11-m3-tablet-pc-654216.html,
Tablet - 5G,Apple,iPad Air 13 M3,654211,,4849,,Apple Intelligence,Space Grey,4 Performance Cores/4 Efficiency Cores,iPadOS 18,8 GB RAM,Liquid Retina Display,"13""",2732 X 2048 Pixels,Touch ID,256 GB,617.00 g ( 1.36 lb ),https://www.jarir.com/sa-en/apple-ipad-air-13-m3-tablet-pc-654211.html,
Tablet - 5G,Apple,iPad Air 13 M3,654208,,4399,,Apple Intelligence,Purple,4 Performance Cores/4 Efficiency Cores,iPadOS 18,8 GB RAM,Liquid Retina Display,"13""",2732 X 2048 Pixels,Touch ID,128 GB,617.00 g ( 1.36 lb ),https://www.jarir.com/sa-en/apple-ipad-air-13-m3-tablet-pc-654208.html,
Wi-Fi Tablet PC,Apple,iPad Air 13 M3,654221,,3699,,Apple Intelligence,Purple,4 Performance Cores/4 Efficiency Cores,iPadOS 18,8 GB RAM,Liquid Retina Display,"13""",2732 X 2048 Pixels,Touch ID,128 GB,616.00 g ( 1.36 lb ),https://www.jarir.com/sa-en/apple-ipad-air-13-m3-tablet-pc-654221.html,
Tablet - 5G,Apple,iPad Air 13 M3,654213,,4849,,Apple Intelligence,Blue,4 Performance Cores/4 Efficiency Cores,iPadOS 18,8 GB RAM,Liquid Retina Display,"13""",2732 X 2048 Pixels,Touch ID,256 GB,617.00 g ( 1.36 lb ),https://www.jarir.com/sa-en/apple-ipad-air-13-m3-tablet-pc-654213.html,
Wi-Fi Tablet PC,Apple,iPad Air 13 M3,654210,,3699,,Apple Intelligence,Starlight,4 Performance Cores/4 Efficiency Cores,iPadOS 18,8 GB RAM,Liquid Retina Display,"13""",2732 X 2048 Pixels,Touch ID,128 GB,616.00 g ( 1.36 lb ),https://www.jarir.com/sa-en/apple-ipad-air-13-m3-tablet-pc-654210.html,
Wi-Fi Tablet PC,Apple,iPad Air 11 M3,654207,,2699,,Apple Intelligence,Purple,4 Performance Cores/4 Efficiency Cores,iPadOS 18,8 GB RAM,Liquid Retina Display,"11""",2360 X 1640 Pixels,Touch ID,128 GB,460.00 g ( 1.01 lb ),https://www.jarir.com/sa-en/apple-ipad-air-11-m3-tablet-pc-654207.html,
Tablet - 5G,Apple,iPad Air 11 M3,654206,,3399,,Apple Intelligence,Starlight,4 Performance Cores/4 Efficiency Cores,iPadOS 18,8 GB RAM,Liquid Retina Display,"11""",2360 X 1640 Pixels,Touch ID,128 GB,460.00 g ( 1.01 lb ),https://www.jarir.com/sa-en/apple-ipad-air-11-m3-tablet-pc-654206.html,
Tablet - 5G,Apple,iPad Air 11 M3,654236,,4749,,Apple Intelligence,Space Grey,4 Performance Cores/4 Efficiency Cores,iPadOS 18,8 GB RAM,Liquid Retina Display,"11""",2360 X 1640 Pixels,Touch ID,512 GB,460.00 g ( 1.01 lb ),https://www.jarir.com/sa-en/apple-ipad-air-11-m3-tablet-pc-654236.html,
Wi-Fi Tablet PC,Apple,iPad Air 13 M3,654244,,5049,,Apple Intelligence,Space Grey,4 Performance Cores/4 Efficiency Cores,iPadOS 18,8 GB RAM,Liquid Retina Display,"13""",2732 X 2048 Pixels,Touch ID,512 GB,616.00 g ( 1.36 lb ),https://www.jarir.com/sa-en/apple-ipad-air-13-m3-tablet-pc-654244.html,
Wi-Fi Tablet PC,Apple,iPad Air 11 M3,654249,,4049,,Apple Intelligence,Starlight,4 Performance Cores/4 Efficiency Cores,iPadOS 18,8 GB RAM,Liquid Retina Display,"11""",2360 X 1640 Pixels,Touch ID,512 GB,460.00 g ( 1.01 lb ),https://www.jarir.com/sa-en/apple-ipad-air-11-m3-tablet-pc-654249.html,
Wi-Fi Tablet PC,Apple,iPad Air 11 M3,654246,,4049,,Apple Intelligence,Blue,4 Performance Cores/4 Efficiency Cores,iPadOS 18,8 GB RAM,Liquid Retina Display,"11""",2360 X 1640 Pixels,Touch ID,512 GB,460.00 g ( 1.01 lb ),https://www.jarir.com/sa-en/apple-ipad-air-11-m3-tablet-pc-654246.html,
Wi-Fi Tablet PC,Apple,iPad Air 13 M3,654237,,4149,,Apple Intelligence,Starlight,4 Performance Cores/4 Efficiency Cores,iPadOS 18,8 GB RAM,Liquid Retina Display,"13""",2732 X 2048 Pixels,Touch ID,256 GB,616.00 g ( 1.36 lb ),https://www.jarir.com/sa-en/apple-ipad-air-13-m3-tablet-pc-654237.html,
Wi-Fi Tablet PC,Apple,iPad Air 11 M3,654241,,4049,,Apple Intelligence,Space Grey,4 Performance Cores/4 Efficiency Cores,iPadOS 18,8 GB RAM,Liquid Retina Display,"11""",2360 X 1640 Pixels,Touch ID,512 GB,460.00 g ( 1.01 lb ),https://www.jarir.com/sa-en/apple-ipad-air-11-m3-tablet-pc-654241.html,
Wi-Fi Tablet PC,Apple,iPad Air 13 M3,654242,,4149,,Apple Intelligence,Purple,4 Performance Cores/4 Efficiency Cores,iPadOS 18,8 GB RAM,Liquid Retina Display,"13""",2732 X 2048 Pixels,Touch ID,256 GB,616.00 g ( 1.36 lb ),https://www.jarir.com/sa-en/apple-ipad-air-13-m3-tablet-pc-654242.html,
Tablet - 5G,Apple,iPad Air 11 M3,654233,,3849,,Apple Intelligence,Starlight,4 Performance Cores/4 Efficiency Cores,iPadOS 18,8 GB RAM,Liquid Retina Display,"11""",2360 X 1640 Pixels,Touch ID,256 GB,460.00 g ( 1.01 lb ),https://www.jarir.com/sa-en/apple-ipad-air-11-m3-tablet-pc-654233.html,
Tablet - 5G,Apple,iPad Air 11 M3,654234,,3849,,Apple Intelligence,Purple,4 Performance Cores/4 Efficiency Cores,iPadOS 18,8 GB RAM,Liquid Retina Display,"11""",2360 X 1640 Pixels,Touch ID,256 GB,460.00 g ( 1.01 lb ),https://www.jarir.com/sa-en/apple-ipad-air-11-m3-tablet-pc-654234.html,
Wi-Fi Tablet PC,Apple,iPad Air 13 M3,654235,,4149,,Apple Intelligence,Blue,4 Performance Cores/4 Efficiency Cores,iPadOS 18,8 GB RAM,Liquid Retina Display,"13""",2732 X 2048 Pixels,Touch ID,256 GB,616.00 g ( 1.36 lb ),https://www.jarir.com/sa-en/apple-ipad-air-13-m3-tablet-pc-654235.html,
Wi-Fi Tablet PC,Apple,iPad Air 13 M3,654230,,4149,,Apple Intelligence,Space Grey,4 Performance Cores/4 Efficiency Cores,iPadOS 18,8 GB RAM,Liquid Retina Display,"13""",2732 X 2048 Pixels,Touch ID,256 GB,616.00 g ( 1.36 lb ),https://www.jarir.com/sa-en/apple-ipad-air-13-m3-tablet-pc-654230.html,
Tablet - 5G,Apple,iPad Air 11 M3,654228,,3849,,Apple Intelligence,Blue,4 Performance Cores/4 Efficiency Cores,iPadOS 18,8 GB RAM,Liquid Retina Display,"11""",2360 X 1640 Pixels,Touch ID,256 GB,460.00 g ( 1.01 lb ),https://www.jarir.com/sa-en/apple-ipad-air-11-m3-tablet-pc-654228.html,
Wi-Fi Tablet PC,Apple,iPad Air 11 M3,654226,,3149,,Apple Intelligence,Starlight,4 Performance Cores/4 Efficiency Cores,iPadOS 18,8 GB RAM,Liquid Retina Display,"11""",2360 X 1640 Pixels,Touch ID,256 GB,460.00 g ( 1.01 lb ),https://www.jarir.com/sa-en/apple-ipad-air-11-m3-tablet-pc-654226.html,
Tablet - 5G,Apple,iPad Air 11 M3,654223,,3849,,Apple Intelligence,Space Grey,4 Performance Cores/4 Efficiency Cores,iPadOS 18,8 GB RAM,Liquid Retina Display,"11""",2360 X 1640 Pixels,Touch ID,256 GB,460.00 g ( 1.01 lb ),https://www.jarir.com/sa-en/apple-ipad-air-11-m3-tablet-pc-654223.html,
Wi-Fi Tablet PC,Apple,iPad Pro 11 M4,635587,,7399,,Apple Intelligence,Space Black,4 Performance Cores/6 Efficiency Cores,iPadOS 17,16 GB RAM,Ultra Retina XDR Display,"11""",2420 X 1668 Pixels,"Face ID, LiDAR Scanner, Accelerometer, Three-axis Gyro, Barometer, Ambient Light",1 TB,446.00 g ( 15.74 oz ),https://www.jarir.com/sa-en/apple-ipad-pro-11-m4-2024-tablet-pc-635587.html,
Wi-Fi Tablet PC,Apple,iPad Pro 13 M4,635671,,8699,,Apple Intelligence,Space Black,4 Performance Cores/6 Efficiency Cores,iPadOS 17,16 GB RAM,Ultra Retina XDR Display,"13""",2752 X 2064 Pixels,"Face ID, LiDAR Scanner, Accelerometer",1 TB,579.00 g ( 1.28 lb ),https://www.jarir.com/sa-en/apple-ipad-pro-13-m4-2024-tablet-pc-635671.html,
Wi-Fi Tablet PC,Apple,iPad Pro 13 M4,635631,,9149,,Apple Intelligence,Space Black,4 Performance Cores/6 Efficiency Cores,iPadOS 17,16 GB RAM,Ultra Retina XDR Display,"13""",2752 X 2064 Pixels,"Face ID, LiDAR Scanner, Accelerometer",1 TB,579.00 g ( 1.28 lb ),https://www.jarir.com/sa-en/apple-ipad-pro-13-m4-2024-tablet-pc-635631.html,
Wi-Fi Tablet PC,Apple,iPad Pro 11 M4,635607,,5599,,Apple Intelligence,Silver,3 Performance Cores/6 Efficieny Cores,iPadOS 17,8 GB RAM,Ultra Retina XDR Display,"11""",2420 X 1668 Pixels,"Face ID, LiDAR Scanner, Accelerometer, Three-axis Gyro, Barometer, Ambient Light",512 GB,444.00 g ( 15.67 oz ),https://www.jarir.com/sa-en/apple-ipad-pro-11-m4-2024-tablet-pc-635607.html,
Tablet - 5G,Apple,iPad Pro 13 M4,635608,,7799,,Apple Intelligence,Space Black,3 Performance Cores/6 Efficieny Cores,iPadOS 17,8 GB RAM,Ultra Retina XDR Display,"13""",2752 X 2064 Pixels,"Face ID, LiDAR Scanner, Accelerometer, Three-axis Gyro, Barometer, Ambient Light",512 GB,582.00 g ( 1.28 lb ),https://www.jarir.com/sa-en/apple-tablet-pc-635608.html,
Wi-Fi Tablet PC,Apple,iPad Pro 13 M4,635602,,6899,,Apple Intelligence,Silver,3 Performance Cores/6 Efficieny Cores,iPadOS 17,8 GB RAM,Ultra Retina XDR Display,"13""",2752 X 2064 Pixels,"Face ID, LiDAR Scanner, Accelerometer, Three-axis Gyro, Barometer, Ambient Light",512 GB,579.00 g ( 1.28 lb ),https://www.jarir.com/sa-en/apple-ipad-pro-13-m4-2024-tablet-pc-635602.html,
Tablet - 5G,Apple,iPad Pro 13 M4,635606,,6899,,Apple Intelligence,Silver,3 Performance Cores/6 Efficieny Cores,iPadOS 17,8 GB RAM,Ultra Retina XDR Display,"13""",2752 X 2064 Pixels,"Face ID, LiDAR Scanner, Accelerometer, Three-axis Gyro, Barometer, Ambient Light",256 GB,582.00 g ( 1.28 lb ),https://www.jarir.com/sa-en/apple-ipad-pro-13-m4-2024-tablet-pc-635606.html,
Wi-Fi Tablet PC,Apple,iPad Pro 13 M4,635599,,6899,,Apple Intelligence,Space Black,3 Performance Cores/6 Efficieny Cores,iPadOS 17,8 GB RAM,Ultra Retina XDR Display,"13""",2752 X 2064 Pixels,"Face ID, LiDAR Scanner, Accelerometer, Three-axis Gyro, Barometer, Ambient Light",512 GB,579.00 g ( 1.28 lb ),https://www.jarir.com/sa-en/apple-ipad-pro-13-m4-2024-tablet-pc-635599.html,
Wi-Fi Tablet PC,Apple,iPad Pro 11 M4,635605,,5599,,Apple Intelligence,Space Black,3 Performance Cores/6 Efficieny Cores,iPadOS 17,8 GB RAM,Ultra Retina XDR Display,"11""",2420 X 1668 Pixels,"Face ID, LiDAR Scanner, Accelerometer, Three-axis Gyro, Barometer, Ambient Light",512 GB,444.00 g ( 15.67 oz ),https://www.jarir.com/sa-en/apple-ipad-pro-11-m4-2024-tablet-pc-635605.html,
Wi-Fi Tablet PC,Apple,iPad Pro 13 M4,635598,,5999,,Apple Intelligence,Silver,3 Performance Cores/6 Efficieny Cores,iPadOS 17,8 GB RAM,Ultra Retina XDR Display,"13""",2752 X 2064 Pixels,"Face ID, LiDAR Scanner, Accelerometer, Three-axis Gyro, Barometer, Ambient Light",256 GB,579.00 g ( 1.28 lb ),https://www.jarir.com/sa-en/apple-ipad-pro-13-m4-2024-tablet-pc-635598.html,
Tablet - 5G,Apple,iPad Pro 11 M4,635614,,6499,,Apple Intelligence,Silver,3 Performance Cores/6 Efficieny Cores,iPadOS 17,8 GB RAM,Ultra Retina XDR Display,"11""",2420 X 1668 Pixels,"Face ID, LiDAR Scanner, Accelerometer Three-axis Gyro, Barometer, Ambient Light",512 GB,446.00 g ( 15.74 oz ),https://www.jarir.com/sa-en/apple-ipad-pro-11-m4-2024-tablet-pc-635614.html,
Tablet - 5G,Apple,iPad Pro 11 M4,635592,,8299,,Apple Intelligence,Space Black,4 Performance Cores/6 Efficiency Cores,iPadOS 17,16 GB RAM,Ultra Retina XDR Display,"11""",2420 X 1668 Pixels,"Face ID, LiDAR Scanner, Accelerometer",1 TB,446.00 g ( 15.74 oz ),https://www.jarir.com/sa-en/apple-ipad-pro-11-m4-2024-tablet-pc-635592.html,
Tablet - 5G,Apple,iPad mini (A17 Pro),645016,,2999,,Apple Intelligence,Starlight,,iPadOS 18,,Liquid Retina Display,"8.3""",2266 X 1488 Pixels,"Apple Intelligence, 6-core CPU, 5-core GPU",128 GB,297.00 g ( 10.48 oz ),https://www.jarir.com/sa-en/apple-ipad-mini-7-tablet-pc-645016.html,1 SIM
Tablet - 5G,Apple,iPad mini (A17 Pro),645015,,3449,,Apple Intelligence,Blue,,iPadOS 18,,Liquid Retina Display,"8.3""",2266 X 1488 Pixels,"Apple Intelligence, 6-core CPU, 5-core GPU",256 GB,297.00 g ( 10.48 oz ),https://www.jarir.com/sa-en/apple-ipad-mini-7-tablet-pc-645015.html,1 SIM
Wi-Fi Tablet PC,Apple,iPad mini (A17 Pro),645013,,3649,,Apple Intelligence,Space Grey,,iPadOS 18,,Liquid Retina Display,"8.3""",2266 X 1488 Pixels,"Apple Intelligence, 6-core CPU, 5-core GPU",512 GB,293.00 g ( 10.34 oz ),https://www.jarir.com/sa-en/apple-ipad-mini-7-tablet-pc-645013.html,
Wi-Fi Tablet PC,Apple,iPad mini (A17 Pro),645012,,2749,,Apple Intelligence,Blue,,iPadOS 18,,Liquid Retina Display,"8.3""",2266 X 1488 Pixels,"Apple Intelligence, 6-core CPU, 5-core GPU",256 GB,293.00 g ( 10.34 oz ),https://www.jarir.com/sa-en/apple-ipad-mini-7-tablet-pc-645012.html,
Wi-Fi Tablet PC,Apple,iPad mini (A17 Pro),645011,,2749,,Apple Intelligence,Space Grey,,iPadOS 18,,Liquid Retina Display,"8.3""",2266 X 1488 Pixels,"Apple Intelligence, 6-core CPU, 5-core GPU",256 GB,293.00 g ( 10.34 oz ),https://www.jarir.com/sa-en/apple-ipad-mini-7-tablet-pc-645011.html,
Tablet - 5G,Apple,iPad mini (A17 Pro),645018,,3449,,Apple Intelligence,Space Grey,,iPadOS 18,,Liquid Retina Display,"8.3""",2266 X 1488 Pixels,"Apple Intelligence, 6-core CPU, 5-core GPU",256 GB,297.00 g ( 10.48 oz ),https://www.jarir.com/sa-en/apple-ipad-mini-7-tablet-pc-645018.html,1 SIM
Tablet - 5G,Apple,iPad mini (A17 Pro),645007,,2999,,Apple Intelligence,Space Grey,,iPadOS 18,,Liquid Retina Display,"8.3""",2266 X 1488 Pixels,"Apple Intelligence, 6-core CPU, 5-core GPU",128 GB,297.00 g ( 10.48 oz ),https://www.jarir.com/sa-en/apple-ipad-mini-7-tablet-pc-645007.html,1 SIM
Wi-Fi Tablet PC,Apple,iPad mini (A17 Pro),645039,,3649,,Apple Intelligence,Purple,,iPadOS 18,,Liquid Retina Display,"8.3""",2266 X 1488 Pixels,"Apple Intelligence, 6-core CPU, 5-core GPU",512 GB,293.00 g ( 10.34 oz ),https://www.jarir.com/sa-en/apple-ipad-mini-a17-pro-tablet-pc-645039.html,
Tablet - 5G,Apple,iPad mini (A17 Pro),645035,,3449,,Apple Intelligence,Purple,,iPadOS 18,,Liquid Retina Display,"8.3""",2266 X 1488 Pixels,"Apple Intelligence, 6-core CPU, 5-core GPU",256 GB,297.00 g ( 10.48 oz ),https://www.jarir.com/sa-en/apple-ipad-mini-a17-pro-tablet-pc-645035.html,1 SIM
Wi-Fi Tablet PC,Apple,iPad mini (A17 Pro),645032,,2749,,Apple Intelligence,Purple,,iPadOS 18,,Liquid Retina Display,"8.3""",2266 X 1488 Pixels,"Apple Intelligence, 6-core CPU, 5-core GPU",256 GB,293.00 g ( 10.34 oz ),https://www.jarir.com/sa-en/apple-ipad-mini-a17-pro-tablet-pc-645032.html,
Tablet - 5G,Apple,iPad mini (A17 Pro),645033,,3449,,Apple Intelligence,Starlight,,iPadOS 18,,Liquid Retina Display,"8.3""",2266 X 1488 Pixels,"Apple Intelligence, 6-core CPU, 5-core GPU",256 GB,297.00 g ( 10.48 oz ),https://www.jarir.com/sa-en/apple-ipad-mini-a17-pro-tablet-pc-645033.html,1 SIM
Wi-Fi Tablet PC,Apple,iPad mini (A17 Pro),645031,,2749,,Apple Intelligence,Starlight,,iPadOS 18,,Liquid Retina Display,"8.3""",2266 X 1488 Pixels,"Apple Intelligence, 6-core CPU, 5-core GPU",256 GB,293.00 g ( 10.34 oz ),https://www.jarir.com/sa-en/apple-ipad-mini-a17-pro-tablet-pc-645031.html,
Tablet - 5G,Apple,iPad Pro 12.9 M2,598739,16%,6149,5149,Apple Intelligence,Space Grey,4 Performance Cores/4 Efficiency Cores,iPadOS 16,8 GB RAM,Liquid Retina XDR Display,"12.9""",2732 X 2048 Pixels,"Face ID, LiDAR Scanner, Accelerometer, Three-axis Gyro, Barometer, Ambient Light",256 GB,685.00 g ( 1.51 lb ),https://www.jarir.com/sa-en/apple-ipad-pro-12-9-2022-tablet-pc-598739.html,1 SIM
Tablet - 5G,Apple,iPad Pro 11 M4,635610,,5599,,Apple Intelligence,Silver,3 Performance Cores/6 Efficieny Cores,iPadOS 17,8 GB RAM,Ultra Retina XDR Display,"11""",2420 X 1668 Pixels,"Face ID, LiDAR Scanner, Accelerometer, Three-axis Gyro, Barometer, Ambient Light",256 GB,446.00 g ( 15.74 oz ),https://www.jarir.com/sa-en/apple-ipad-pro-11-m4-2024-tablet-pc-635610.html,
Wi-Fi Tablet PC,Samsung,Galaxy Tab S10+,652246,35%,3999,2599,,Moonstone Grey,3.4 GHz + 2.8 GHz + 2.0 GHz,Android 14,12 GB RAM,Dynamic AMOLED 2X,"12.4""",2800 X 1752 Pixels,"Water and Dust Resistant (IP68), Enhanced Armor Aluminum",256 GB,571.00 g ( 1.26 lb ),https://www.jarir.com/sa-en/samsung-galaxy-tab-s10-renewed-tablet-pc-652246.html,
Wi-Fi Tablet PC,Apple,iPad Pro 11 M1,641737,48%,4099,2099,,Silver,,iPadOS 14,8 GB RAM,Liquid Retina Display,"11""",2388 X 1668 Pixels,"Face ID, LiDAR Scanner, Accelerometer, Barometer, Ambient Light",256 GB,470.00 g ( 1.04 lb ),https://www.jarir.com/sa-en/apple-ipad-pro-11-2021-renewed-tablet-pc-641737.html,
Tablet - Wi-Fi (with Keyboard),Huawei,MatePad Air,635353,59%,2199,899,,White,,HarmonyOS 3.1,8 GB RAM,2.8K 144 Hz LCD Display,"11.5""",2800 X 1840 Pixels,Super Device,128 GB,508.00 g ( 1.12 lb ),https://www.jarir.com/sa-en/huawei-tablet-pc-635353.html,
Tablet - 5G,Apple,iPad Air 13 M2,635588,12%,4399,3849,Apple Intelligence,Starlight,,iPadOS 17,8 GB RAM,Liquid Retina Display,"13""",2732 X 2048 Pixels,Touch ID,128 GB,617.00 g ( 1.36 lb ),https://www.jarir.com/sa-en/apple-ipad-air-13-m2-2024-tablet-pc-635588.html,
Tablet - 5G,Apple,iPad Air 11 M2,635555,15%,3849,3269,Apple Intelligence,Blue,,iPadOS 17,8 GB RAM,Liquid Retina Display,"11""",2360 X 1640 Pixels,Touch ID,256 GB,462.00 g ( 1.02 lb ),https://www.jarir.com/sa-en/apple-ipad-air-11-m2-2024-tablet-pc-635555.html,
Tablet - 5G,Apple,iPad Air 13 M2,635591,13%,4849,4199,Apple Intelligence,Blue,,iPadOS 17,8 GB RAM,Liquid Retina Display,"13""",2732 X 2048 Pixels,Touch ID,256 GB,618.00 g ( 1.36 lb ),https://www.jarir.com/sa-en/apple-ipad-air-13-m2-2024-tablet-pc-635591.html,
Tablet - Wi-Fi (with Active Pen),Lenovo,Tab P12,623457,37%,1599,999,AI Enabled,Storm Grey,2.6 GHz + 2.0 GHz,Android 13,8 GB RAM,3K 10-point Multi-Touch,"12.7""",2944 X 1840 Pixels,"Fingerprint Sensor, Accelerometer, G-Sensor",128 GB,615.00 g ( 1.36 lb ),https://www.jarir.com/sa-en/lenovo-tab-p12-tablet-pc-623457.html,
Wi-Fi Tablet PC,Apple,iPad Air 13 M2,635576,14%,3699,3149,Apple Intelligence,Purple,,iPadOS 17,8 GB RAM,Liquid Retina Display,"13""",2732 X 2048 Pixels,Touch ID,128 GB,617.00 g ( 1.36 lb ),https://www.jarir.com/sa-en/apple-ipad-air-13-m2-2024-tablet-pc-635576.html,
Wi-Fi Tablet PC,Apple,iPad Air 13 M2,635552,13%,3699,3199,Apple Intelligence,Space Grey,,iPadOS 17,8 GB RAM,Liquid Retina Display,"13""",2732 X 2048 Pixels,Touch ID,128 GB,617.00 g ( 1.36 lb ),https://www.jarir.com/sa-en/apple-ipad-air-13-m2-2024-tablet-pc-635552.html,
Wi-Fi Tablet PC,Apple,iPad Air 13 M2,635574,13%,3699,3199,Apple Intelligence,Blue,,iPadOS 17,8 GB RAM,Liquid Retina Display,"13""",2732 X 2048 Pixels,Touch ID,128 GB,617.00 g ( 1.36 lb ),https://www.jarir.com/sa-en/apple-ipad-air-13-m2-2024-tablet-pc-635574.html,
Wi-Fi Tablet PC,Apple,iPad Air 11 M2,635519,16%,2699,2249,Apple Intelligence,Purple,,iPadOS 17,8 GB RAM,Liquid Retina Display,"11""",2360 X 1640 Pixels,Touch ID,128 GB,462.00 g ( 1.02 lb ),https://www.jarir.com/sa-en/apple-ipad-air-11-m2-2024-tablet-pc-635519.html,
Wi-Fi Tablet PC,Apple,iPad Air 11 M2,635517,16%,2699,2249,Apple Intelligence,Starlight,,iPadOS 17,8 GB RAM,Liquid Retina Display,"11""",2360 X 1640 Pixels,Touch ID,128 GB,462.00 g ( 1.02 lb ),https://www.jarir.com/sa-en/apple-ipad-air-11-m2-2024-tablet-pc-635517.html,
Wi-Fi Tablet PC,Apple,iPad Air 11 M2,635516,16%,2699,2249,Apple Intelligence,Blue,,iPadOS 17,8 GB RAM,Liquid Retina Display,"11""",2360 X 1640 Pixels,Touch ID,128 GB,462.00 g ( 1.02 lb ),https://www.jarir.com/sa-en/apple-ipad-air-11-m2-2024-tablet-pc-635516.html,
Wi-Fi Tablet PC,Apple,iPad Air 11 M2,635523,14%,3149,2699,Apple Intelligence,Blue,,iPadOS 17,8 GB RAM,Liquid Retina Display,"11""",2360 X 1640 Pixels,Touch ID,256 GB,462.00 g ( 1.02 lb ),https://www.jarir.com/sa-en/apple-ipad-air-11-m2-2024-tablet-pc-635523.html,
Wi-Fi Tablet PC,Apple,iPad Air 13 M2,635577,10%,4149,3699,Apple Intelligence,Blue,,iPadOS 17,8 GB RAM,Liquid Retina Display,"13""",2732 X 2048 Pixels,Touch ID,256 GB,617.00 g ( 1.36 lb ),https://www.jarir.com/sa-en/apple-ipad-air-13-m2-2024-tablet-pc-635577.html,
Wi-Fi Tablet PC,Apple,iPad Air 11 M2,635526,14%,3149,2699,Apple Intelligence,Purple,,iPadOS 17,8 GB RAM,Liquid Retina Display,"11""",2360 X 1640 Pixels,Touch ID,256 GB,462.00 g ( 1.02 lb ),https://www.jarir.com/sa-en/apple-ipad-air-11-m2-2024-tablet-pc-635526.html,
Wi-Fi Tablet PC,Apple,iPad Air 13 M2,635579,10%,4149,3699,Apple Intelligence,Purple,,iPadOS 17,8 GB RAM,Liquid Retina Display,"13""",2732 X 2048 Pixels,Touch ID,256 GB,617.00 g ( 1.36 lb ),https://www.jarir.com/sa-en/apple-ipad-air-13-m2-2024-tablet-pc-635579.html,
Wi-Fi Tablet PC,Apple,iPad Air 11 M2,635542,11%,4049,3599,Apple Intelligence,Space Grey,,iPadOS 17,8 GB RAM,Liquid Retina Display,"11""",2360 X 1640 Pixels,Touch ID,512 GB,462.00 g ( 1.02 lb ),https://www.jarir.com/sa-en/apple-ipad-air-11-m2-2024-tablet-pc-635542.html,
Tablet - Wi-Fi (with Keyboard),Huawei,MatePad 11.5,622520,25%,1399,1049,,Space Grey,,HarmonyOS 3.1,8 GB RAM,TFT-LCD Touchscreen,"11.5""",2200 X 1440 Pixels,Huawei App Gallery,128 GB,1.07 kg ( 2.36 lb ),https://www.jarir.com/sa-en/huawei-matepad-11-5-tablet-pc-622520.html,
Wi-Fi Tablet PC,Huawei,MatePad 11.5,620445,36%,1099,699,,Space Grey,,HarmonyOS 3.1,6 GB RAM,TFT-LCD Touchscreen,"11.5""",2200 X 1440 Pixels,Wide Angle Camera with FollowCam,128 GB,499.00 g ( 1.10 lb ),https://www.jarir.com/sa-en/huawei-tablet-pc-620445.html,
Wi-Fi Tablet PC,Apple,iPad Air 13 M2,635559,10%,4149,3699,Apple Intelligence,Space Grey,,iPadOS 17,8 GB RAM,Liquid Retina Display,"13""",2732 X 2048 Pixels,Touch ID,256 GB,617.00 g ( 1.36 lb ),https://www.jarir.com/sa-en/apple-ipad-air-13-m2-2024-tablet-pc-635559.html,
Wi-Fi Tablet PC,Acer,Iconia P11,637749,38%,849,519,,Steel Grey,2.2 GHz,Android 14,8 GB RAM,IPS QLED Touchscreen,"11""",2000 X 1200 Pixels,,256 GB,550.00 g ( 1.21 lb ),https://www.jarir.com/sa-en/acer-iconia-a8-tablet-pc-637749.html,
Wi-Fi Tablet PC,Huawei,MatePad SE 11,644037,37%,849,529,,Nebula Grey,,HarmonyOS 2,6 GB RAM,IPS FHD-LCD Touchscreen,"11""",1920 X 1200 Pixels,22.5W Fast Charging,128 GB,475.00 g ( 1.05 lb ),https://www.jarir.com/sa-en/huawei-tablet-pc-644037.html,
Tablet - 4G (with Folio Case Cover & Stylus),Lenovo,Tab M11,627288,30%,999,699,,Grey,2.0 + 1.8 GHz,Android 13,4 GB RAM,WUXGA-IPS 400N 90 Hz Display,"11""",1920 X 1200 Pixels,"Accelerometer, Ambient Light, Gyroscope, Hall",128 GB,465.00 g ( 1.03 lb ),https://www.jarir.com/sa-en/lenovo-tab-m11-tablet-pc-627288.html,1 SIM
Tablet - 4G,Samsung,Galaxy Tab A9,626629,37%,749,469,,Silver,2.2 + 2.0 GHz,Android OS,4 GB RAM,FHD-LCD Touchscreen,"8.7""",1340 X 800 Pixels,"Dolby Atmos, Quick Share",64 GB,333.00 g ( 11.75 oz ),https://www.jarir.com/sa-en/samsung-tablet-pc-626629.html,1 SIM
Wi-Fi Tablet PC,Xiaomi,Redmi Pad Pro,642355,25%,1199,899,,Ocean Blue,2.4 GHz,Android HyperOS,6 GB RAM,FHD+ IPS LCD 120 Hz Display,"12.1""",2560 X 1600 Pixels,Triple TUV Rheinland Eye Protection,128 GB,570.00 g ( 1.26 lb ),https://www.jarir.com/sa-en/xiaomi-redmi-pad-pro-tablet-pc-642355.html,
Tablet - Wi-Fi (with Active Pen),Huawei,MatePad SE 11,635867,25%,999,749,,Nebula Grey,,HarmonyOS 2,8 GB RAM,IPS FHD-LCD Touchscreen,"11""",1920 X 1200 Pixels,22.5W Fast Charging,128 GB,475.00 g ( 1.05 lb ),https://www.jarir.com/sa-en/huawei-tablet-pc-635867.html,
Wi-Fi Tablet PC,Samsung,Galaxy Tab A9,630186,41%,649,379,,Graphite,,Android OS,4 GB RAM,FHD-LCD Touchscreen,"8.7""",1340 X 800 Pixels,,64 GB,333.00 g ( 11.75 oz ),https://www.jarir.com/sa-en/samsung-galaxy-tab-a9-tablet-pc-630186.html,
Tablet - 4G (with Keyboard),Huawei,MatePad Air,620441,8%,2499,2299,,Graphite,,HarmonyOS 3,8 GB RAM,LCD Touchscreen,"11.5""",2800 X 1840 Pixels,"FollowCam, Detachable Magnetic Keyboard",256 GB,518.00 g ( 1.14 lb ),https://www.jarir.com/sa-en/huawei-tablet-pc-620441.html,1 SIM
Tablet - 4G (with Case Cover),Honor,Pad X9,622931,22%,899,699,,Space Grey,4X 2.8 (Cortex-A73) + 4X 1.9 (Cortex-A53) GHz,Android 13,4 GB RAM,IPS-LCD Touchscreen,"11.5""",2000 X 1200 Pixels,,128 GB,525.00 g ( 1.16 lb ),https://www.jarir.com/sa-en/honor-pad-x9-tablet-pc-622931.html,1 SIM
Tablet - Wi-Fi (with Keyboard),Huawei,MatePad Air PaperMatte,629041,7%,2599,2399,,White,,HarmonyOS 3.1,12 GB RAM,2.8K 144 Hz LCD Display,"11.5""",2800 X 1840 Pixels,Papermatte Edition,256 GB,508.00 g ( 1.12 lb ),https://www.jarir.com/sa-en/huawei-tablet-pc-629041.html,
Tablet - Wi-Fi (with Keyboard),Huawei,MatePad 11.5 PaperMatte,649521,12%,1599,1399,,Space Grey,,HarmonyOS 4.2,8 GB RAM,120 Hz PaperMatte Touchscreen,"11.5""",2200 X 1440 Pixels,Huawei App Gallery,256 GB,499.00 g ( 1.10 lb ),https://www.jarir.com/sa-en/huawei-matepad-11-5-papermatte-tablet-pc-649521.html,
Wi-Fi Tablet PC,Xiaomi,Redmi Pad SE 11,651465,23%,849,649,,Lavender Purple,2.4 GHz,Android 13,8 GB RAM,FHD-LCD Touchscreen,"11""",1920 X 1200 Pixels,"90 Hz Refresh Rate, Low Blue Light",256 GB,478.00 g ( 1.05 lb ),https://www.jarir.com/sa-en/xiaomi-redmi-pad-se-11-tablet-pc-651465.html,
Tablet - Wi-Fi (with Keyboard),Huawei,MatePad 11.5 PaperMatte,649530,12%,1599,1399,,Isle Blue,,HarmonyOS 4.2,8 GB RAM,120 Hz PaperMatte Touchscreen,"11.5""",2200 X 1440 Pixels,Huawei App Gallery,256 GB,499.00 g ( 1.10 lb ),https://www.jarir.com/sa-en/huawei-matepad-11-5-papermatte-tablet-pc-649530.html,
Wi-Fi Tablet PC,Apple,iPad 10.9 10th Gen,598646,3%,1299,1249,,Silver,,iPadOS 16,,Liquid Retina Display,"10.9""",2360 X 1640 Pixels,Touch ID Sensor,64 GB,477.00 g ( 1.05 lb ),https://www.jarir.com/sa-en/apple-ipad-10-9-10th-gen-tablet-pc-598646.html,
Wi-Fi Tablet PC,Xiaomi,Redmi Pad SE 11,651463,23%,849,649,,Graphite Grey,2.4 GHz,Android 13,8 GB RAM,FHD-LCD Touchscreen,"11""",1920 X 1200 Pixels,90 Hz Refresh Rate,256 GB,478.00 g ( 1.05 lb ),https://www.jarir.com/sa-en/xiaomi-redmi-pad-se-11-tablet-pc-651463.html,
Wi-Fi Tablet PC,Apple,iPad 10.9 10th Gen,598663,3%,1299,1249,,Blue,,iPadOS 16,,Liquid Retina Display,"10.9""",2360 X 1640 Pixels,Touch ID Sensor,64 GB,477.00 g ( 1.05 lb ),https://www.jarir.com/sa-en/apple-ipad-10-9-10th-gen-tablet-pc-598663.html,
Wi-Fi Tablet PC,Apple,iPad 10.9 10th Gen,598670,2%,1899,1849,,Blue,,iPadOS 16,,Liquid Retina Display,"10.9""",2360 X 1640 Pixels,Touch ID Sensor,256 GB,477.00 g ( 1.05 lb ),https://www.jarir.com/sa-en/apple-ipad-10-9-10th-gen-tablet-pc-598670.html,
Wi-Fi Tablet PC,Apple,iPad 10.9 10th Gen,598667,3%,1299,1249,,Pink,,iPadOS 16,,Liquid Retina Display,"10.9""",2360 X 1640 Pixels,Fingerprint Sensor Touch ID,64 GB,477.00 g ( 1.05 lb ),https://www.jarir.com/sa-en/apple-ipad-10-9-10th-gen-tablet-pc-598667.html,
Wi-Fi Tablet PC,Apple,iPad 10.9 10th Gen,598668,2%,1899,1849,,Silver,,iPadOS 16,,Liquid Retina Display,"10.9""",2360 X 1640 Pixels,Touch ID Sensor,256 GB,477.00 g ( 1.05 lb ),https://www.jarir.com/sa-en/apple-ipad-10-9-10th-gen-tablet-pc-598668.html,
Tablet - Wi-Fi (with Case Cover + Film),Lenovo,Tab M9,647252,11%,449,399,,Arctic Grey,2.0 + 1.8 GHz,Android 12,4 GB RAM,HD IPS 400N Touchscreen,"9""",1340 X 800 Pixels,"Accelerometer, Ambient Light, Hall Sensor",64 GB (eMMC),344.00 g ( 12.14 oz ),https://www.jarir.com/sa-en/lenovo-tab-m9-tablet-pc-647252.html,
Wi-Fi Tablet PC,Apple,iPad 10.9 10th Gen,598722,2%,1899,1849,,Pink,,iPadOS 16,,Liquid Retina Display,"10.9""",2360 X 1640 Pixels,Touch ID Sensor,256 GB,477.00 g ( 1.05 lb ),https://www.jarir.com/sa-en/apple-ipad-10-9-10th-gen-tablet-pc-598722.html,
Wi-Fi Tablet PC,Huawei,MatePad SE 11,635866,2%,799,779,,Nebula Grey,,HarmonyOS 2,4 GB RAM,IPS FHD-LCD Touchscreen,"11""",1920 X 1200 Pixels,22.5W Fast Charging,128 GB,475.00 g ( 1.05 lb ),https://www.jarir.com/sa-en/huawei-tablet-pc-635866.html,
Tablet - Wi-Fi (with Keyboard),Huawei,MatePad 11.5 PaperMatte,663329,,1599,,,Space Grey,,HarmonyOS 4.2,8 GB RAM,120 Hz PaperMatte Touchscreen,"11.5""",2200 X 1440 Pixels,Huawei App Gallery,256 GB,499.00 g ( 1.10 lb ),https://www.jarir.com/sa-en/huawei-matepad-11-5-papermatte-tablet-pc-663329.html,
Tablet - Wi-Fi (with Clear Case Cover),Honor,Pad X8,619670,,699,,,Blue Hour,2X 2.0 (Cortex A75) + 6X 1.8 (Cortex A55) GHz,Android S,4 GB RAM,IPS-LCD Touchscreen,"10.1""",1920 X 1200 Pixels,"Blue Light Filter, Posture Alerts, e-Book Mode",64 GB,.46 kg ( 1.01 lb ),https://www.jarir.com/sa-en/honor-tablet-pc-619670.html,
Tablet - 4G (with Case Cover),Lenovo,Tab M10 (3rd Gen),600565,,799,,,Storm Grey,1.8 GHz,Android 11,4 GB RAM,IPS FHD-LCD Touchscreen,"10.1""",1920 X 1200 Pixels,,64 GB,460.00 g ( 1.01 lb ),https://www.jarir.com/sa-en/lenovo-tab-m10-3rd-gen-tablet-pc-600565.html,1 SIM
Tablet - 5G,Apple,iPad Pro 11 M4,635589,,5599,,Apple Intelligence,Space Black,3 Performance Cores/6 Efficieny Cores,iPadOS 17,8 GB RAM,Ultra Retina XDR Display,"11""",2420 X 1668 Pixels,"Face ID, LiDAR Scanner, Accelerometer, Three-axis Gyro, Barometer, Ambient Light",256 GB,446.00 g ( 15.74 oz ),https://www.jarir.com/sa-en/apple-ipad-pro-11-m4-2024-tablet-pc-635589.html,
Wi-Fi Tablet PC,Apple,iPad Pro 11 M4,637758,,7849,,Apple Intelligence,Space Black,4 Performance Cores/6 Efficiency Cores,iPadOS 17,16 GB RAM,Ultra Retina XDR Display,"11""",2420 X 1668 Pixels,"Face ID, LiDAR Scanner, Accelerometer",1 TB,446.00 g ( 15.74 oz ),https://www.jarir.com/sa-en/apple-tablet-pc-637758.html,
Tablet - Wi-Fi with Stand,Taktik,H01,662029,,2199,,,White,2.0 + 1.8 GHz,Android 15,6 GB RAM,IPS FHD-LCD Touchscreen,"27""",1920 X 1080 Pixels,Built-In Stand,128 GB,0.01,https://www.jarir.com/sa-en/taktik-h01-tablet-pc-662029.html,
Tablet - 5G,Apple,iPad Pro 11 M4,635613,,6499,,Apple Intelligence,Space Black,3 Performance Cores/6 Efficieny Cores,iPadOS 17,8 GB RAM,Ultra Retina XDR Display,"11""",2420 X 1668 Pixels,"Face ID, LiDAR Scanner, Accelerometer, Three-axis Gyro, Barometer, Ambient Light",512 GB,446.00 g ( 15.74 oz ),https://www.jarir.com/sa-en/apple-ipad-pro-11-m4-2024-tablet-pc-635613.html,
Wi-Fi Tablet PC,Apple,iPad Air 13 M3,654265,,5949,,Apple Intelligence,Starlight,4 Performance Cores/4 Efficiency Cores,iPadOS 18,8 GB RAM,Liquid Retina Display,"13""",2732 X 2048 Pixels,Touch ID,1 TB,616.00 g ( 1.36 lb ),https://www.jarir.com/sa-en/apple-ipad-air-13-m3-tablet-pc-654265.html,
Tablet - 4G,Lenovo,Tab M8 (4th Gen),600555,,549,,,Arctic Grey,2.0 GHz,Android 12 Go,2 GB RAM,IPS HD-LCD Touchscreen,"8""",1280 X 800 Pixels,,32 GB,320.00 g ( 11.30 oz ),https://www.jarir.com/sa-en/lenovo-tab-m8-4th-gen-tablet-pc-600555.html,1 SIM
Tablet - 4G,Apple,iPad Pro 12.9 - 2020,641450,40%,6519,3899,,Space Grey,,iPadOS,,Liquid Retina Display,"12.9""",2732 X 2048 Pixels,"Ultralow Reflectivity, True Tone, LiDAR Scanner",512 MB,643.00 g ( 1.42 lb ),https://www.jarir.com/sa-en/apple-ipad-pro-12-9-2020-renewed-tablet-pc-641450.html,1 SIM
Wi-Fi Tablet PC,Apple,iPad Pro 12.9 M2,652517,49%,8149,4099,,Silver,4 Performance Cores/4 Efficiency Cores,iPadOS 16,16 GB RAM,Liquid Retina XDR Display,"12.9""",2732 X 2048 Pixels,"Face ID, LiDAR Scanner, Accelerometer, Three-axis Gyro, Barometer, Ambient Light",1 TB,682.00 g ( 1.50 lb ),https://www.jarir.com/sa-en/apple-ipad-pro-12-9-m2-renewed-tablet-pc-652517.html,
Tablet - 5G,Apple,iPad Pro 12.9 M1,642391,35%,6999,4499,,Silver,,iPadOS 14,8 GB RAM,Liquid Retina XDR Display,"12.9""",2732 X 2048 Pixels,"Face ID, LiDAR Scanner, Accelerometer",512 MB,685.00 g ( 1.51 lb ),https://www.jarir.com/sa-en/apple-renewed-tablet-pc-642391.html,1 SIM
Tablet - 5G,Apple,iPad Pro 12.9 M2,620155,39%,6149,3699,,Space Grey,4 Performance Cores/4 Efficiency Cores,iPadOS 16,8 GB RAM,Liquid Retina XDR Display,"12.9""",2732 X 2048 Pixels,"Face ID, LiDAR Scanner, Accelerometer, Three-axis Gyro, Barometer, Ambient Light",256 GB,685.00 g ( 1.51 lb ),https://www.jarir.com/sa-en/apple-ipad-pro-12-9-2022-renewed-tablet-pc-620155.html,1 SIM
Tablet - 5G,Apple,iPad Pro 12.9 M1,660247,35%,6999,4499,Apple Intelligence,Silver,,iPadOS 14,8 GB RAM,Liquid Retina XDR Display,"12.9""",2732 X 2048 Pixels,"Face ID, LiDAR Scanner, Accelerometer, Barometer, Ambient Light",512 MB,682.00 g ( 1.50 lb ),https://www.jarir.com/sa-en/apple-ipad-pro-12-9-m1-renewed-tablet-pc-660247.html,1 SIM
Wi-Fi Tablet PC,Apple,iPad Pro 12.9 M2,631528,38%,6349,3899,,Space Grey,4 Performance Cores/4 Efficiency Cores,iPadOS 16,8 GB RAM,Liquid Retina XDR Display,"12.9""",2732 X 2048 Pixels,"Face ID, LiDAR Scanner, Accelerometer, Three-axis Gyro, Barometer, Ambient Light",512 MB,682.00 g ( 1.50 lb ),https://www.jarir.com/sa-en/apple-ipad-pro-12-9-2022-renewed-tablet-pc-631528.html,
Tablet - 5G,Apple,iPad Pro 12.9 M1,621618,38%,6199,3799,,Space Grey,,iPadOS 14,8 GB RAM,Liquid Retina XDR Display,"12.9""",2732 X 2048 Pixels,"Face ID, LiDAR Scanner, Accelerometer, Barometer, Ambient Light",256 GB,682.00 g ( 1.50 lb ),https://www.jarir.com/sa-en/apple-ipad-pro-12-9-2021-renewed-tablet-pc-621618.html,1 SIM
Tablet - 5G,Apple,iPad Pro 13 M4,639801,30%,6899,4799,,Space Black,3 Performance Cores/6 Efficiency Cores,iPadOS 17,8 GB RAM,Ultra Retina XDR Display,"13""",2752 X 2064 Pixels,"Face ID, LiDAR Scanner, Accelerometer, Three-axis Gyro, Barometer, Ambient Light",256 GB,582.00 g ( 1.28 lb ),https://www.jarir.com/sa-en/apple-renewed-tablet-pc-639801.html,
Wi-Fi Tablet PC,Apple,iPad Pro 12.9 M1,571841,37%,5399,3399,,Space Grey,,iPadOS 14,8 GB RAM,Liquid Retina XDR Display,"12.9""",2732 X 2048 Pixels,"Face ID, LiDAR Scanner, Accelerometer, Barometer, Ambient Light",256 GB,682.00 g ( 1.50 lb ),https://www.jarir.com/sa-en/apple-ipad-pro-12-9-2021-renewed-tablet-pc-571841.html,
Tablet - 5G,Apple,iPad Pro 12.9 M2,634796,29%,7049,4999,,Space Grey,4 Performance Cores/4 Efficiency Cores,iPadOS 16,8 GB RAM,Liquid Retina XDR Display,"12.9""",2732 X 2048 Pixels,"Face ID, LiDAR Scanner, Accelerometer, Three-axis Gyro, Barometer, Ambient Light",512 MB,685.00 g ( 1.51 lb ),https://www.jarir.com/sa-en/apple-ipad-pro-12-9-2022-renewed-tablet-pc-634796.html,1 SIM
Tablet - 5G,Apple,iPad Pro 13 M4,639834,27%,6899,4999,,Space Black,3 Performance Cores/6 Efficiency Cores,iPadOS 17,8 GB RAM,Ultra Retina XDR Display,"13""",2752 X 2064 Pixels,"Face ID, LiDAR Scanner, Accelerometer, Three-axis Gyro, Barometer, Ambient Light",256 GB,582.00 g ( 1.28 lb ),https://www.jarir.com/sa-en/apple-renewed-tablet-pc-639834.html,
Tablet - 5G,Samsung,Galaxy Tab S8,661273,54%,3299,1499,,Silver,,Android 12,8 GB RAM,TFT-LCD Touchscreen,"11""",2560 X 1600 Pixels,Fingerprint,128 GB,507.00 g ( 1.12 lb ),https://www.jarir.com/sa-en/samsung-galaxy-tab-s8-renewed-tablet-pc-661273.html,1 SIM
Wi-Fi Tablet PC,Apple,iPad Pro 11 M4,659441,23%,7849,5999,Apple Intelligence,Space Black,4 Performance Cores/6 Efficiency Cores,iPadOS 17,16 GB RAM,Ultra Retina XDR Display,"11""",2420 X 1668 Pixels,"Face ID, LiDAR Scanner, Accelerometer",1 TB,446.00 g ( 15.74 oz ),https://www.jarir.com/sa-en/apple-ipad-pro-11-m4-renewed-tablet-pc-659441.html,
Wi-Fi Tablet PC,Apple,iPad Pro 13 M4,641441,24%,6899,5199,,Space Black,3 Performance Cores/6 Efficieny Cores,iPadOS 17,8 GB RAM,Ultra Retina XDR Display,"13""",2752 X 2064 Pixels,"Face ID, LiDAR Scanner, Accelerometer, Three-axis Gyro, Barometer, Ambient Light",512 MB,579.00 g ( 1.28 lb ),https://www.jarir.com/sa-en/apple-ipad-pro-13-m4-2024-renewed-tablet-pc-641441.html,
Wi-Fi Tablet PC,Apple,iPad Pro 13 M4,641447,28%,5999,4299,,Space Black,3 Performance Cores/6 Efficieny Cores,iPadOS 17,8 GB RAM,Ultra Retina XDR Display,"13""",2752 X 2064 Pixels,"Face ID, LiDAR Scanner, Accelerometer, Three-axis Gyro, Barometer, Ambient Light",256 GB,579.00 g ( 1.28 lb ),https://www.jarir.com/sa-en/apple-ipad-pro-13-m4-2024-renewed-tablet-pc-641447.html,
Wi-Fi Tablet PC,Apple,iPad Pro 12.9 M2,619791,30%,5449,3799,,Space Grey,4 Performance Cores/4 Efficiency Cores,iPadOS 16,8 GB RAM,Liquid Retina XDR Display,"12.9""",2732 X 2048 Pixels,"Face ID, LiDAR Scanner, Accelerometer, Three-axis Gyro, Barometer, Ambient Light",256 GB,682.00 g ( 1.50 lb ),https://www.jarir.com/sa-en/apple-ipad-pro-12-9-2022-renewed-tablet-pc-619791.html,
Tablet - Wi-Fi (with Keyboard),Huawei,MatePad Pro 12.2,652358,40%,3599,2149,,Premium Gold,,HarmonyOS 4.2,12 GB RAM,OLED PaperMatte Touchscreen,"12.2""",2800 X 1840 Pixels,"Huawei Notes, GoPaint, 100W Fast Charging, Smart Device",512 MB,508.00 g ( 1.12 lb ),https://www.jarir.com/sa-en/huawei-matepad-pro-12-2-renewed-tablet-pc-652358.html,
Wi-Fi Tablet PC,Apple,iPad Air 13 M2,644022,30%,5049,3499,,Blue,,iPadOS 17,8 GB RAM,Liquid Retina Display,"13""",2732 X 2048 Pixels,Touch ID,512 MB,617.00 g ( 1.36 lb ),https://www.jarir.com/sa-en/apple-ipad-air-13-m2-2024-renewed-tablet-pc-644022.html,
Wi-Fi Tablet PC,Apple,iPad Pro 12.9 M2,618045,28%,4999,3599,,Space Grey,4 Performance Cores/4 Efficiency Cores,iPadOS 16,8 GB RAM,Liquid Retina XDR Display,"12.9""",2732 X 2048 Pixels,"Face ID, LiDAR Scanner, Accelerometer, Three-axis Gyro, Barometer, Ambient Light",128 GB,682.00 g ( 1.50 lb ),https://www.jarir.com/sa-en/apple-ipad-pro-12-9-2022-renewed-tablet-pc-618045.html,
Wi-Fi Tablet PC,Apple,iPad Pro 12.9 M2,620481,28%,4999,3599,,Silver,4 Performance Cores/4 Efficiency Cores,iPadOS 16,8 GB RAM,Liquid Retina XDR Display,"12.9""",2732 X 2048 Pixels,"Face ID, LiDAR Scanner, Accelerometer, Three-axis Gyro, Barometer, Ambient Light",128 GB,682.00 g ( 1.50 lb ),https://www.jarir.com/sa-en/apple-ipad-pro-12-9-2022-renewed-tablet-pc-620481.html,
Wi-Fi Tablet PC,Apple,iPad Pro 12.9 M2,637581,26%,4899,3599,,Silver,4 Performance Cores/4 Efficiency Cores,iPadOS 16,8 GB RAM,Liquid Retina XDR Display,"12.9""",2732 X 2048 Pixels,"Face ID, LiDAR Scanner, Accelerometer, Three-axis Gyro, Barometer, Ambient Light",256 GB,682.00 g ( 1.50 lb ),https://www.jarir.com/sa-en/apple-ipad-pro-12-9-2022-renewed-tablet-pc-637581.html,
Wi-Fi Tablet PC,Apple,iPad Air 13 M3,661369,24%,3699,2799,Apple Intelligence,Space Grey,4 Performance Cores/4 Efficiency Cores,iPadOS 18,8 GB RAM,Liquid Retina Display,"13""",2732 X 2048 Pixels,Touch ID,128 GB,616.00 g ( 1.36 lb ),https://www.jarir.com/sa-en/apple-ipad-air-13-m3-renewed-tablet-pc-661369.html,
Tablet - 5G,Apple,iPad Pro 11 M4,643932,13%,6499,5599,,Space Black,3 Performance Cores/6 Efficieny Cores,iPadOS 17,8 GB RAM,Ultra Retina XDR Display,"11""",2420 X 1668 Pixels,"Face ID, LiDAR Scanner, Accelerometer, Three-axis Gyro, Barometer, Ambient Light",512 MB,446.00 g ( 15.74 oz ),https://www.jarir.com/sa-en/apple-ipad-pro-11-m4-2024-renewed-tablet-pc-643932.html,
Tablet - 5G,Apple,iPad Pro 11 M4,645420,21%,5599,4399,,Space Black,3 Performance Cores/6 Efficieny Cores,iPadOS 17,8 GB RAM,Ultra Retina XDR Display,"11""",2420 X 1668 Pixels,"Face ID, LiDAR Scanner, Accelerometer, Three-axis Gyro, Barometer, Ambient Light",256 GB,446.00 g ( 15.74 oz ),https://www.jarir.com/sa-en/apple-ipad-pro-11-m4-2024-renewed-tablet-pc-645420.html,
Tablet - 5G,Apple,iPad Pro 11 M4,646692,13%,6499,5599,,Silver,3 Performance Cores/6 Efficieny Cores,iPadOS 17,8 GB RAM,Ultra Retina XDR Display,"11""",2420 X 1668 Pixels,"Face ID, LiDAR Scanner, Accelerometer Three-axis Gyro, Barometer, Ambient Light",512 MB,446.00 g ( 15.74 oz ),https://www.jarir.com/sa-en/apple-ipad-pro-11-m4-2024-renewed-tablet-pc-646692.html,
Tablet - 5G,Apple,iPad Pro 11 M4,645347,12%,5599,4899,,Space Black,3 Performance Cores/6 Efficieny Cores,iPadOS 17,8 GB RAM,Ultra Retina XDR Display,"11""",2420 X 1668 Pixels,"Face ID, LiDAR Scanner, Accelerometer, Three-axis Gyro, Barometer, Ambient Light",256 GB,446.00 g ( 15.74 oz ),https://www.jarir.com/sa-en/apple-ipad-pro-11-m4-2024-renewed-tablet-pc-645347.html,
Tablet - 5G,Apple,iPad Pro 12.9 M2,638768,34%,10649,6999,,Space Grey,4 Performance Cores/4 Efficiency Cores,iPadOS 16,16 GB RAM,Liquid Retina XDR Display,"12.9""",2732 X 2048 Pixels,"Face ID, LiDAR Scanner, Accelerometer, Three-axis Gyro, Barometer, Ambient Light",2 TB,685.00 g ( 1.51 lb ),https://www.jarir.com/sa-en/apple-renewed-tablet-pc-638768.html,1 SIM
Tablet - 5G,Samsung,Galaxy Tab S8+,646821,59%,4099,1649,,Graphite,,Android 12,8 GB RAM,Super AMOLED Capacitive Touchscreen,"12.4""",2800 X 1752 Pixels,Fingerprint,128 GB,572.00 g ( 1.26 lb ),https://www.jarir.com/sa-en/samsung-galaxy-tab-s8-renewed-tablet-pc-646821.html,1 SIM
Tablet - 5G,Apple,iPad Pro 12.9 M2,635192,29%,8849,6199,,Space Grey,4 Performance Cores/4 Efficiency Cores,iPadOS 16,16 GB RAM,Liquid Retina XDR Display,"12.9""",2732 X 2048 Pixels,"Face ID, LiDAR Scanner, Accelerometer, Three-axis Gyro, Barometer, Ambient Light",1 TB,685.00 g ( 1.51 lb ),https://www.jarir.com/sa-en/apple-ipad-pro-12-9-2022-renewed-tablet-pc-635192.html,1 SIM
Tablet - 5G,Apple,iPad Pro 11 M1,641875,38%,7499,4599,,Space Grey,,iPadOS 14,16 GB RAM,Liquid Retina Display,"11""",2388 X 1668 Pixels,"Face ID, LiDAR Scanner, Accelerometer, Barometer, Ambient Light",1 TB,468.00 g ( 1.03 lb ),https://www.jarir.com/sa-en/apple-ipad-pro-11-2021-renewed-tablet-pc-641875.html,1 SIM
Tablet - 5G,Apple,iPad Pro 12.9 M1,656191,40%,5699,3399,,Silver,,iPadOS 14,8 GB RAM,Liquid Retina XDR Display,"12.9""",2732 X 2048 Pixels,"Face ID, LiDAR Scanner, Accelerometer, Barometer, Ambient Light",128 GB,685.00 g ( 1.51 lb ),https://www.jarir.com/sa-en/apple-ipad-pro-12-9-m1-renewed-tablet-pc-656191.html,1 SIM
Tablet - 5G,Apple,iPad Pro 12.9 M2,620154,33%,6149,4099,,Space Grey,4 Performance Cores/4 Efficiency Cores,iPadOS 16,8 GB RAM,Liquid Retina XDR Display,"12.9""",2732 X 2048 Pixels,"Face ID, LiDAR Scanner, Accelerometer, Three-axis Gyro, Barometer, Ambient Light",256 GB,685.00 g ( 1.51 lb ),https://www.jarir.com/sa-en/apple-ipad-pro-12-9-2022-renewed-tablet-pc-620154.html,1 SIM
Wi-Fi Tablet PC,Apple,iPad Pro 12.9 M1,660241,36%,5999,3799,Apple Intelligence,Silver,,iPadOS 14,8 GB RAM,Liquid Retina XDR Display,"12.9""",2732 X 2048 Pixels,"Face ID, LiDAR Scanner, Accelerometer, Barometer, Ambient Light",512 MB,682.00 g ( 1.50 lb ),https://www.jarir.com/sa-en/apple-ipad-pro-12-9-m1-renewed-tablet-pc-660241.html,
Tablet - 5G,Apple,iPad Pro 12.9 M1,621428,35%,6199,3999,,Space Grey,,iPadOS 14,8 GB RAM,Liquid Retina XDR Display,"12.9""",2732 X 2048 Pixels,"Face ID, LiDAR Scanner, Accelerometer, Barometer, Ambient Light",256 GB,682.00 g ( 1.50 lb ),https://www.jarir.com/sa-en/apple-ipad-pro-12-9-2021-renewed-tablet-pc-621428.html,1 SIM
Wi-Fi Tablet PC,Apple,iPad Pro 13 M4,657100,22%,8699,6699,,Space Black,4 Performance Cores/6 Efficiency Cores,iPadOS 17,16 GB RAM,Ultra Retina XDR Display,"13""",2752 X 2064 Pixels,"Face ID, LiDAR Scanner, Accelerometer",1 TB,579.00 g ( 1.28 lb ),https://www.jarir.com/sa-en/apple-ipad-pro-13-m4-renewed-tablet-pc-657100.html,
Tablet - 5G,Apple,iPad Pro 11 M4,656280,24%,8299,6299,,Space Black,4 Performance Cores/6 Efficiency Cores,iPadOS 17,16 GB RAM,Ultra Retina XDR Display,"11""",2420 X 1668 Pixels,"Face ID, LiDAR Scanner, Accelerometer",1 TB,446.00 g ( 15.74 oz ),https://www.jarir.com/sa-en/apple-ipad-pro-11-m4-renewed-tablet-pc-656280.html,
Wi-Fi Tablet PC,Apple,iPad Pro 12.9 M1,584834,37%,5399,3399,,Silver,,iPadOS 14,8 GB RAM,Liquid Retina XDR Display,"12.9""",2732 X 2048 Pixels,"Face ID, LiDAR Scanner, Accelerometer, Barometer, Ambient Light",256 GB,682.00 g ( 1.50 lb ),https://www.jarir.com/sa-en/apple-renewed-tablet-pc-584834.html,
Tablet - 5G,Apple,iPad Pro 11 M2,641688,25%,7549,5599,,Silver,4 Performance Cores/4 Efficiency Cores,iPadOS 16,16 GB RAM,Liquid Retina Display,"11""",2388 X 1668 Pixels,"Face ID, LiDAR Scanner, Accelerometer, Three-axis Gyro, Barometer, Ambient Light",1 TB,470.00 g ( 1.04 lb ),https://www.jarir.com/sa-en/apple-ipad-pro-11-2022-renewed-tablet-pc-641688.html,1 SIM
Wi-Fi Tablet PC,Huawei,MatePad Pro 13.2,656248,51%,3599,1749,,Golden Black,,HarmonyOS 4,12 GB RAM,OLED,"13.2""",2880 X 1920 Pixels,"HarmonyOS Intelligent Interaction, 88W Super Fast Charging",256 GB,580.00 g ( 1.28 lb ),https://www.jarir.com/sa-en/huawei-matepad-pro-13-2-renewed-tablet-pc-656248.html,
Tablet - 5G,Apple,iPad Pro 11 M4,642938,17%,10199,8399,,Silver,4 Performance Cores/6 Efficiency Cores,iPadOS 17,16 GB RAM,Ultra Retina XDR Display,"11""",2420 X 1668 Pixels,"Face ID, LiDAR Scanner, Accelerometer",2 TB,446.00 g ( 15.74 oz ),https://www.jarir.com/sa-en/apple-renewed-tablet-pc-642938.html,
Wi-Fi Tablet PC,Apple,iPad Pro 13 M4,661371,24%,6899,5199,Apple Intelligence,Silver,3 Performance Cores/6 Efficieny Cores,iPadOS 17,8 GB RAM,Ultra Retina XDR Display,"13""",2752 X 2064 Pixels,"Face ID, LiDAR Scanner, Accelerometer, Three-axis Gyro, Barometer, Ambient Light",512 MB,579.00 g ( 1.28 lb ),https://www.jarir.com/sa-en/apple-ipad-pro-13-m4-renewed-tablet-pc-661371.html,
Wi-Fi Tablet PC,Apple,iPad Pro 12.9 - 2020,648365,34%,4899,3199,,Space Grey,,iPadOS,,Liquid Retina Display,"12.9""",2732 X 2048 Pixels,"Ultralow Reflectivity, True Tone, LiDAR Scanner",256 GB,641.00 g ( 1.41 lb ),https://www.jarir.com/sa-en/apple-ipad-pro-12-9-2020-renewed-tablet-pc-648365.html,
Wi-Fi Tablet PC,Apple,iPad Pro 11 M4,639799,28%,5599,3999,,Space Black,3 Performance Cores/6 Efficiency Cores,iPadOS 17,8 GB RAM,Ultra Retina XDR Display,"11""",2420 X 1668 Pixels,"Face ID, LiDAR Scanner, Accelerometer, Three-axis Gyro, Barometer, Ambient Light",512 MB,444.00 g ( 15.67 oz ),https://www.jarir.com/sa-en/apple-renewed-tablet-pc-639799.html,
Tablet - 5G,Apple,iPad Pro 13 M4,648663,16%,9599,7999,,Space Black,4 Performance Cores/6 Efficiency Cores,iPadOS 17,16 GB RAM,Ultra Retina XDR Display,"13""",2752 X 2064 Pixels,"Face ID, LiDAR Scanner, Accelerometer",1 TB,579.00 g ( 1.28 lb ),https://www.jarir.com/sa-en/apple-ipad-pro-13-m4-renewed-tablet-pc-648663.html,
Wi-Fi Tablet PC,Apple,iPad Pro 13 M4,648506,25%,5999,4499,,Silver,3 Performance Cores/6 Efficieny Cores,iPadOS 17,8 GB RAM,Ultra Retina XDR Display,"13""",2752 X 2064 Pixels,"Face ID, LiDAR Scanner, Accelerometer, Three-axis Gyro, Barometer, Ambient Light",256 GB,579.00 g ( 1.28 lb ),https://www.jarir.com/sa-en/apple-ipad-pro-13-m4-renewed-tablet-pc-648506.html,
Tablet - 5G,Apple,iPad Pro 13 M4,646810,19%,7799,6299,,Space Black,3 Performance Cores/6 Efficieny Cores,iPadOS 17,8 GB RAM,Ultra Retina XDR Display,"13""",2752 X 2064 Pixels,"Face ID, LiDAR Scanner, Accelerometer, Three-axis Gyro, Barometer, Ambient Light",512 MB,582.00 g ( 1.28 lb ),https://www.jarir.com/sa-en/apple-ipad-pro-13-m4-2024-renewed-tablet-pc-646810.html,
Tablet - 5G,Apple,iPad Air 13 M2,645415,29%,4849,3399,,Space Grey,,iPadOS 17,8 GB RAM,Liquid Retina Display,"13""",2732 X 2048 Pixels,Touch ID,256 GB,617.00 g ( 1.36 lb ),https://www.jarir.com/sa-en/apple-ipad-air-13-m2-2024-renewed-tablet-pc-645415.html,
Tablet - 5G,Apple,iPad Air 13 M2,661358,31%,4399,2999,Apple Intelligence,Starlight,,iPadOS 17,8 GB RAM,Liquid Retina Display,"13""",2732 X 2048 Pixels,Touch ID,128 GB,617.00 g ( 1.36 lb ),https://www.jarir.com/sa-en/apple-ipad-air-13-m2-renewed-tablet-pc-661358.html,
Tablet - 5G,Apple,iPad 10.9 10th Gen,621623,36%,3449,2199,,Blue,,iPadOS 16,,Liquid Retina Display,"10.9""",2360 X 1640 Pixels,Touch ID Sensor,256 GB,481.00 g ( 1.06 lb ),https://www.jarir.com/sa-en/apple-ipad-10-9-10th-gen-renewed-tablet-pc-621623.html,1 SIM
Wi-Fi Tablet PC,Apple,iPad Pro 13 M4,648281,23%,5999,4599,,Silver,3 Performance Cores/6 Efficieny Cores,iPadOS 17,8 GB RAM,Ultra Retina XDR Display,"13""",2752 X 2064 Pixels,"Face ID, LiDAR Scanner, Accelerometer, Three-axis Gyro, Barometer, Ambient Light",256 GB,579.00 g ( 1.28 lb ),https://www.jarir.com/sa-en/apple-ipad-pro-13-m4-renewed-tablet-pc-648281.html,
Wi-Fi Tablet PC,Apple,iPad Pro 11 M4,658940,23%,5599,4299,,Silver,3 Performance Cores/6 Efficieny Cores,iPadOS 17,8 GB RAM,Ultra Retina XDR Display,"11""",2420 X 1668 Pixels,"Face ID, LiDAR Scanner, Accelerometer, Three-axis Gyro, Barometer, Ambient Light",512 MB,444.00 g ( 15.67 oz ),https://www.jarir.com/sa-en/apple-ipad-pro-11-m4-renewed-tablet-pc-658940.html,
Wi-Fi Tablet PC,Apple,iPad Pro 12.9 M2,620479,24%,4999,3799,,Silver,4 Performance Cores/4 Efficiency Cores,iPadOS 16,8 GB RAM,Liquid Retina XDR Display,"12.9""",2732 X 2048 Pixels,"Face ID, LiDAR Scanner, Accelerometer, Three-axis Gyro, Barometer, Ambient Light",128 GB,682.00 g ( 1.50 lb ),https://www.jarir.com/sa-en/apple-ipad-pro-12-9-2022-renewed-tablet-pc-620479.html,
Tablet - 5G,Apple,iPad Pro 13 M4,648329,12%,9599,8399,,Space Black,4 Performance Cores/6 Efficiency Cores,iPadOS 17,16 GB RAM,Ultra Retina XDR Display,"13""",2752 X 2064 Pixels,"Face ID, LiDAR Scanner, Accelerometer",1 TB,579.00 g ( 1.28 lb ),https://www.jarir.com/sa-en/apple-ipad-pro-13-m4-renewed-tablet-pc-648329.html,
Tablet - 5G,Apple,iPad Pro 13 M4,660249,12%,9599,8399,Apple Intelligence,Silver,4 Performance Cores/6 Efficiency Cores,iPadOS 17,16 GB RAM,Ultra Retina XDR Display,"13""",2752 X 2064 Pixels,"Face ID, LiDAR Scanner, Accelerometer",1 TB,579.00 g ( 1.28 lb ),https://www.jarir.com/sa-en/apple-ipad-pro-13-m4-renewed-tablet-pc-660249.html,
Tablet - 5G,Apple,iPad Pro 11 M4,644015,18%,6499,5299,,Space Black,3 Performance Cores/6 Efficieny Cores,iPadOS 17,8 GB RAM,Ultra Retina XDR Display,"11""",2420 X 1668 Pixels,"Face ID, LiDAR Scanner, Accelerometer, Three-axis Gyro, Barometer, Ambient Light",512 MB,446.00 g ( 15.74 oz ),https://www.jarir.com/sa-en/apple-ipad-pro-11-m4-2024-renewed-tablet-pc-644015.html,
Wi-Fi Tablet PC,Apple,iPad Air 13 M2,643175,28%,4149,2949,,Space Grey,,iPadOS 17,8 GB RAM,Liquid Retina Display,"13""",2732 X 2048 Pixels,Touch ID,256 GB,617.00 g ( 1.36 lb ),https://www.jarir.com/sa-en/apple-ipad-air-13-m2-2024-renewed-tablet-pc-643175.html,
Wi-Fi Tablet PC,Apple,iPad Air 13 M2,643677,28%,4149,2949,,Blue,,iPadOS 17,8 GB RAM,Liquid Retina Display,"13""",2732 X 2048 Pixels,Touch ID,256 GB,617.00 g ( 1.36 lb ),https://www.jarir.com/sa-en/apple-ipad-air-13-m2-2024-renewed-tablet-pc-643677.html,
Wi-Fi Tablet PC,Apple,iPad Pro 12.9 M2,618289,24%,4999,3799,,Space Grey,,iPadOS 16,8 GB RAM,Liquid Retina XDR Display,"12.9""",2732 X 2048 Pixels,"Face ID, LiDAR Scanner, Accelerometer, Three-axis Gyro, Barometer, Ambient Light",128 GB,682.00 g ( 1.50 lb ),https://www.jarir.com/sa-en/apple-ipad-pro-12-9-2022-renewed-tablet-pc-618289.html,
Tablet - 5G,Apple,iPad Pro 11 M4,646815,18%,6499,5299,,Silver,3 Performance Cores/6 Efficieny Cores,iPadOS 17,8 GB RAM,Ultra Retina XDR Display,"11""",2420 X 1668 Pixels,"Face ID, LiDAR Scanner, Accelerometer Three-axis Gyro, Barometer, Ambient Light",512 MB,446.00 g ( 15.74 oz ),https://www.jarir.com/sa-en/apple-ipad-pro-11-m4-2024-renewed-tablet-pc-646815.html,
Wi-Fi Tablet PC,Apple,iPad Pro 11 M2,618046,26%,3949,2899,,Space Grey,4 Performance Cores/4 Efficiency Cores,iPadOS 16,8 GB RAM,Liquid Retina Display,"11""",2388 X 1668 Pixels,"Face ID, LiDAR Scanner, Accelerometer, Three-axis Gyro, Barometer, Ambient Light",128 GB,470.00 g ( 1.04 lb ),https://www.jarir.com/sa-en/apple-ipad-pro-11-2022-renewed-tablet-pc-618046.html,1 SIM
Tablet - 5G,Apple,iPad Pro 13 M4,646687,12%,7799,6799,,Space Black,3 Performance Cores/6 Efficieny Cores,iPadOS 17,8 GB RAM,Ultra Retina XDR Display,"13""",2752 X 2064 Pixels,"Face ID, LiDAR Scanner, Accelerometer, Three-axis Gyro, Barometer, Ambient Light",512 MB,582.00 g ( 1.28 lb ),https://www.jarir.com/sa-en/apple-ipad-pro-13-m4-2024-renewed-tablet-pc-646687.html,
Wi-Fi Tablet PC,Apple,iPad Air 11 M2,637634,33%,2699,1799,,Purple,,iPadOS 17,8 GB RAM,Liquid Retina Display,"11""",2360 X 1640 Pixels,Touch ID,128 GB,462.00 g ( 1.02 lb ),https://www.jarir.com/sa-en/apple-ipad-air-11-m2-2024-renewed-tablet-pc-637634.html,
Wi-Fi Tablet PC,Apple,iPad Pro 11 M4,661372,13%,7399,6399,Apple Intelligence,Space Black,4 Performance Cores/6 Efficiency Cores,iPadOS 17,16 GB RAM,Ultra Retina XDR Display,"11""",2420 X 1668 Pixels,"Face ID, LiDAR Scanner, Accelerometer, Three-axis Gyro, Barometer, Ambient Light",1 TB,446.00 g ( 15.74 oz ),https://www.jarir.com/sa-en/apple-ipad-pro-11-m4-renewed-tablet-pc-661372.html,
Tablet - 4G (with Keyboard),Huawei,MatePad Air,658034,40%,2499,1499,,Graphite,,HarmonyOS 3,8 GB RAM,LCD Touchscreen,"11.5""",2800 X 1840 Pixels,"FollowCam, Detachable Magnetic Keyboard",256 GB,518.00 g ( 1.14 lb ),https://www.jarir.com/sa-en/huawei-matepad-air-renewed-tablet-pc-658034.html,1 SIM
Wi-Fi Tablet PC,Apple,iPad A16,661532,20%,2949,2349,,Silver,,iPadOS 18,,Liquid Retina Display,"11""",2360 X 1640 Pixels,Touch ID Sensor,512 MB,477.00 g ( 1.05 lb ),https://www.jarir.com/sa-en/apple-ipad-a16-renewed-tablet-pc-661532.html,
Wi-Fi Tablet PC,Xiaomi,Pad 6,652571,46%,1599,849,,Champagne,3.2 GHz,Android 13,8 GB RAM,WQHD+ 144 Hz Display,"11""",1800 X 2880 Pixels,"Smartphone Link, Stylus Support (Magnetic)",256 GB,490.00 g ( 1.08 lb ),https://www.jarir.com/sa-en/xiaomi-pad-6-renewed-tablet-pc-652571.html,
Wi-Fi Tablet PC,Apple,iPad Air 11 M2,637645,26%,3149,2299,,Blue,,iPadOS 17,8 GB RAM,Liquid Retina Display,"11""",2360 X 1640 Pixels,Touch ID,256 GB,462.00 g ( 1.02 lb ),https://www.jarir.com/sa-en/apple-ipad-air-11-m2-2024-renewed-tablet-pc-637645.html,
Wi-Fi Tablet PC,Huawei,MatePad 11.5 S,658337,41%,1699,999,,Space Grey,,HarmonyOS 4.2,8 GB RAM,PaperMatte Touchscreen,"11.5""",2800 X 1840 Pixels,"Huawei App Gallery, Huawei Notes, GoPaint",256 GB,510.00 g ( 1.12 lb ),https://www.jarir.com/sa-en/huawei-matepad-11-5-s-renewed-tablet-pc-658337.html,
Wi-Fi Tablet PC,Huawei,MatePad 11.5,629959,54%,1099,499,,Space Grey,,HarmonyOS 3.1,6 GB RAM,TFT-LCD Touchscreen,"11.5""",2200 X 1440 Pixels,Wide Angle Camera with FollowCam,128 GB,499.00 g ( 1.10 lb ),https://www.jarir.com/sa-en/huawei-matepad-11-5-renewed-tablet-pc-629959.html,
Wi-Fi Tablet PC,Apple,iPad mini (A17 Pro),657105,20%,2749,2199,,Space Grey,,iPadOS 18,,Liquid Retina Display,"8.3""",2266 X 1488 Pixels,"Apple Intelligence, 6-core CPU, 5-core GPU",256 GB,293.00 g ( 10.34 oz ),https://www.jarir.com/sa-en/apple-ipad-mini-a17-pro-renewed-tablet-pc-657105.html,
Wi-Fi Tablet PC,Apple,iPad mini (A17 Pro),658487,17%,2299,1899,Apple Intelligence,Starlight,,iPadOS 18,,Liquid Retina Display,"8.3""",2266 X 1488 Pixels,"Apple Intelligence, 6-core CPU, 5-core GPU",128 GB,293.00 g ( 10.34 oz ),https://www.jarir.com/sa-en/apple-ipad-mini-a17-pro-renewed-tablet-pc-658487.html,
Wi-Fi Tablet PC,Apple,iPad mini (A17 Pro),658773,17%,2299,1899,Apple Intelligence,Blue,,iPadOS 18,,Liquid Retina Display,"8.3""",2266 X 1488 Pixels,"Apple Intelligence, 6-core CPU, 5-core GPU",128 GB,293.00 g ( 10.34 oz ),https://www.jarir.com/sa-en/apple-ipad-mini-a17-pro-renewed-tablet-pc-658773.html,
Wi-Fi Tablet PC,Huawei,MatePad 11.5 PaperMatte,663523,25%,1399,1049,,Space Grey,,HarmonyOS 4.3,8 GB RAM,120 Hz PaperMatte Touchscreen,"11.5""",2456 X 1600 PixelsÂ ,Huawei App Gallery,256 GB,515.00 g ( 1.14 lb ),https://www.jarir.com/sa-en/huawei-matepad-11-5-papermatte-tablet-pc-663523.html,
